"genotype","env","block","rep","yield","brix","fruit_wt","maturity"
"TOM-001","SITE-1","SITE-1-B1",1,90.23,4.37,71,106.7
"TOM-002","SITE-1","SITE-1-B1",1,54.79,4.53,61.4,111.2
"TOM-003","SITE-1","SITE-1-B1",1,85.9,3.44,75.3,114.5
"TOM-004","SITE-1","SITE-1-B1",1,64.94,4.79,70.6,111.1
"TOM-005","SITE-1","SITE-1-B1",1,71.6,4.66,74,104.2
"TOM-006","SITE-1","SITE-1-B1",1,72.5,4.89,71.5,109.2
"TOM-007","SITE-1","SITE-1-B1",1,71.78,3.78,74.3,109.9
"TOM-008","SITE-1","SITE-1-B1",1,65.54,4.72,55,113.9
"TOM-009","SITE-1","SITE-1-B1",1,95.56,3.91,75.5,105.8
"TOM-010","SITE-1","SITE-1-B1",1,59.56,4.06,72.5,103.4
"TOM-011","SITE-1","SITE-1-B1",1,88.96,3.76,84.2,104.3
"TOM-012","SITE-1","SITE-1-B1",1,98.35,3.71,74.2,109.3
"TOM-013","SITE-1","SITE-1-B1",1,55.61,4.54,66.2,108.4
"TOM-014","SITE-1","SITE-1-B1",1,68.35,3.91,93.9,103.2
"TOM-015","SITE-1","SITE-1-B1",1,78.84,3.19,87.3,109.2
"TOM-016","SITE-1","SITE-1-B1",1,92.65,3.94,66.4,117.1
"TOM-017","SITE-1","SITE-1-B1",1,84,4.52,70.5,113.7
"TOM-018","SITE-1","SITE-1-B1",1,65.15,4.66,74.4,114.5
"TOM-019","SITE-1","SITE-1-B1",1,61.75,3.4,61.4,117
"TOM-020","SITE-1","SITE-1-B1",1,59.66,3.35,70.2,111.7
"TOM-021","SITE-1","SITE-1-B1",1,82.94,4.5,68.2,103.8
"TOM-022","SITE-1","SITE-1-B1",1,57.77,4.06,68.8,113
"TOM-023","SITE-1","SITE-1-B1",1,70.1,4.3,72.9,114.3
"TOM-024","SITE-1","SITE-1-B1",1,87.87,3.93,69.6,115.5
"TOM-025","SITE-1","SITE-1-B1",1,101.92,3.46,89.7,101.8
"TOM-026","SITE-1","SITE-1-B1",1,68.8,5.02,86.3,106.3
"TOM-027","SITE-1","SITE-1-B1",1,64.38,3.11,69.8,104.4
"TOM-028","SITE-1","SITE-1-B1",1,55.77,3.72,59.9,104.2
"TOM-029","SITE-1","SITE-1-B1",1,78.91,4.6,77.7,105.3
"TOM-030","SITE-1","SITE-1-B1",1,75.14,4.52,62.7,110.9
"TOM-031","SITE-1","SITE-1-B1",1,79.18,4.8,67.5,104.2
"TOM-032","SITE-1","SITE-1-B1",1,64.81,4.02,78.6,120.4
"TOM-033","SITE-1","SITE-1-B1",1,83.55,4.02,89.9,110.6
"TOM-034","SITE-1","SITE-1-B1",1,91.5,4.42,56.2,107
"TOM-035","SITE-1","SITE-1-B1",1,75.9,3.69,77.2,108.8
"TOM-036","SITE-1","SITE-1-B1",1,62.89,4.58,66.7,111.4
"TOM-037","SITE-1","SITE-1-B1",1,67.52,4.53,70.6,110.4
"TOM-038","SITE-1","SITE-1-B1",1,80.67,3.41,73.9,112.5
"TOM-039","SITE-1","SITE-1-B1",1,41.68,4.09,62.3,109.6
"TOM-040","SITE-1","SITE-1-B1",1,82.25,3.94,79.9,109.3
"TOM-041","SITE-1","SITE-1-B1",1,79.22,4,71.4,106.8
"TOM-042","SITE-1","SITE-1-B1",1,74.54,4.63,63,109.9
"TOM-043","SITE-1","SITE-1-B1",1,76.13,4.15,74.3,110.8
"TOM-044","SITE-1","SITE-1-B1",1,61.05,4.79,53.6,109.1
"TOM-045","SITE-1","SITE-1-B1",1,72.22,4.59,79.2,113.3
"TOM-046","SITE-1","SITE-1-B1",1,77.63,4.54,79,110.7
"TOM-047","SITE-1","SITE-1-B1",1,68.51,4.51,73,111.2
"TOM-048","SITE-1","SITE-1-B1",1,86.91,3.76,66.4,109.3
"TOM-049","SITE-1","SITE-1-B1",1,63.09,4.16,67.4,109
"TOM-050","SITE-1","SITE-1-B1",1,68.77,4.13,77.4,113.3
"TOM-051","SITE-1","SITE-1-B1",1,84.31,4.51,77.4,110.4
"TOM-052","SITE-1","SITE-1-B1",1,57.85,3.96,82,112.2
"TOM-053","SITE-1","SITE-1-B1",1,79.52,3.35,66.8,104.1
"TOM-054","SITE-1","SITE-1-B1",1,84.24,3.6,79.4,105.1
"TOM-055","SITE-1","SITE-1-B1",1,73.19,2.52,73.9,107.8
"TOM-056","SITE-1","SITE-1-B1",1,71.33,3.84,63.4,105.4
"TOM-057","SITE-1","SITE-1-B1",1,83.21,3.58,67.7,115.7
"TOM-058","SITE-1","SITE-1-B1",1,85.66,5.66,72.2,109.7
"TOM-059","SITE-1","SITE-1-B1",1,47.58,4.33,73,109.6
"TOM-060","SITE-1","SITE-1-B1",1,78.19,3.78,76.9,107.7
"TOM-001","SITE-1","SITE-1-B2",2,73.43,3.95,56,104
"TOM-002","SITE-1","SITE-1-B2",2,70.35,5.06,55.4,108
"TOM-003","SITE-1","SITE-1-B2",2,85.7,4.38,71,108.4
"TOM-004","SITE-1","SITE-1-B2",2,71.96,4.53,75.6,108
"TOM-005","SITE-1","SITE-1-B2",2,76.67,4.33,64.3,104.6
"TOM-006","SITE-1","SITE-1-B2",2,75.46,5.43,68,105.3
"TOM-007","SITE-1","SITE-1-B2",2,75.59,3.77,72.1,107
"TOM-008","SITE-1","SITE-1-B2",2,67.77,4.89,56.6,112.4
"TOM-009","SITE-1","SITE-1-B2",2,105.03,4.54,53.7,106
"TOM-010","SITE-1","SITE-1-B2",2,55.17,4.79,68.3,106.9
"TOM-011","SITE-1","SITE-1-B2",2,83.14,3.88,76.8,106.9
"TOM-012","SITE-1","SITE-1-B2",2,94.61,3.95,72.7,102.9
"TOM-013","SITE-1","SITE-1-B2",2,67.54,4.31,62.1,107.1
"TOM-014","SITE-1","SITE-1-B2",2,76.04,3.84,78.9,104.1
"TOM-015","SITE-1","SITE-1-B2",2,79.71,4.27,87,104.9
"TOM-016","SITE-1","SITE-1-B2",2,74.7,4.95,71,112.6
"TOM-017","SITE-1","SITE-1-B2",2,66.96,5.18,75.8,107.2
"TOM-018","SITE-1","SITE-1-B2",2,38.19,6.45,81.5,111.1
"TOM-019","SITE-1","SITE-1-B2",2,53.35,5.04,58.9,118.1
"TOM-020","SITE-1","SITE-1-B2",2,98.32,3.54,79.8,111.5
"TOM-021","SITE-1","SITE-1-B2",2,86.07,3.76,71.8,103.2
"TOM-022","SITE-1","SITE-1-B2",2,66.39,5.04,67.4,107.7
"TOM-023","SITE-1","SITE-1-B2",2,86.11,4.62,59.5,113
"TOM-024","SITE-1","SITE-1-B2",2,79.96,4.08,76.8,112.6
"TOM-025","SITE-1","SITE-1-B2",2,81.48,3.37,77.9,99.7
"TOM-026","SITE-1","SITE-1-B2",2,70.88,4.73,78.6,108.7
"TOM-027","SITE-1","SITE-1-B2",2,70.74,4.48,72.6,109.5
"TOM-028","SITE-1","SITE-1-B2",2,68.34,5.29,71.8,100.4
"TOM-029","SITE-1","SITE-1-B2",2,76.83,5.62,84.1,105.5
"TOM-030","SITE-1","SITE-1-B2",2,78.48,4.84,68.7,102.3
"TOM-031","SITE-1","SITE-1-B2",2,74.2,5.52,76.8,109
"TOM-032","SITE-1","SITE-1-B2",2,70.47,4.9,60.2,115.4
"TOM-033","SITE-1","SITE-1-B2",2,89.22,4.35,85.8,103.1
"TOM-034","SITE-1","SITE-1-B2",2,70.09,5.07,70.9,105.7
"TOM-035","SITE-1","SITE-1-B2",2,80.73,3.39,78,113.9
"TOM-036","SITE-1","SITE-1-B2",2,49.72,4.12,60,110.5
"TOM-037","SITE-1","SITE-1-B2",2,80.6,4.09,63.2,106.1
"TOM-038","SITE-1","SITE-1-B2",2,65.22,3.97,61.1,108.1
"TOM-039","SITE-1","SITE-1-B2",2,49.81,5.21,66.6,110.8
"TOM-040","SITE-1","SITE-1-B2",2,74.88,5.02,78,105.8
"TOM-041","SITE-1","SITE-1-B2",2,64.13,4.53,78.5,108.5
"TOM-042","SITE-1","SITE-1-B2",2,65.24,4.2,58.3,107.6
"TOM-043","SITE-1","SITE-1-B2",2,83.66,3.45,71.8,103
"TOM-044","SITE-1","SITE-1-B2",2,55.84,5.14,64.9,107
"TOM-045","SITE-1","SITE-1-B2",2,66.05,4.12,70.8,114.1
"TOM-046","SITE-1","SITE-1-B2",2,88.91,4.76,78.9,108.2
"TOM-047","SITE-1","SITE-1-B2",2,75.78,4.38,67.5,112.7
"TOM-048","SITE-1","SITE-1-B2",2,75.24,4.19,79.8,107.9
"TOM-049","SITE-1","SITE-1-B2",2,66.38,5.05,69.3,104.8
"TOM-050","SITE-1","SITE-1-B2",2,74.07,4.76,82.7,115.9
"TOM-051","SITE-1","SITE-1-B2",2,88.5,3.7,69.1,108.7
"TOM-052","SITE-1","SITE-1-B2",2,84.75,4.84,76.9,107.7
"TOM-053","SITE-1","SITE-1-B2",2,92.89,3.51,54.9,104.9
"TOM-054","SITE-1","SITE-1-B2",2,76.91,4.11,86.9,107.3
"TOM-055","SITE-1","SITE-1-B2",2,82.07,3.61,74.5,107.9
"TOM-056","SITE-1","SITE-1-B2",2,68.31,3.06,73,108.2
"TOM-057","SITE-1","SITE-1-B2",2,78,3.8,66.8,116.2
"TOM-058","SITE-1","SITE-1-B2",2,76.33,5.78,64.4,114.1
"TOM-059","SITE-1","SITE-1-B2",2,55.05,4.67,66.4,110.9
"TOM-060","SITE-1","SITE-1-B2",2,92.76,4.06,72.7,108.6
"TOM-001","SITE-1","SITE-1-B3",3,87.19,4.27,62.1,113.8
"TOM-002","SITE-1","SITE-1-B3",3,68.92,3.78,63.4,106.7
"TOM-003","SITE-1","SITE-1-B3",3,67.89,4.53,70.7,113.3
"TOM-004","SITE-1","SITE-1-B3",3,94.49,3.85,63.3,112.8
"TOM-005","SITE-1","SITE-1-B3",3,78,3.15,78.7,108.2
"TOM-006","SITE-1","SITE-1-B3",3,63.11,4.43,61.1,106.6
"TOM-007","SITE-1","SITE-1-B3",3,82.64,3.96,75.3,114.3
"TOM-008","SITE-1","SITE-1-B3",3,74.76,4.42,73.2,109.3
"TOM-009","SITE-1","SITE-1-B3",3,84.7,4.54,70.2,109.7
"TOM-010","SITE-1","SITE-1-B3",3,61.55,4.17,81.8,105.4
"TOM-011","SITE-1","SITE-1-B3",3,86.83,2.31,86.3,110.4
"TOM-012","SITE-1","SITE-1-B3",3,78.54,4.36,71.1,109.1
"TOM-013","SITE-1","SITE-1-B3",3,49.23,4.91,76,110
"TOM-014","SITE-1","SITE-1-B3",3,58,3.78,82.1,103.2
"TOM-015","SITE-1","SITE-1-B3",3,75.6,3.94,66.3,103.9
"TOM-016","SITE-1","SITE-1-B3",3,85.13,3.9,68.9,115.2
"TOM-017","SITE-1","SITE-1-B3",3,51.17,4.96,77.4,110.9
"TOM-018","SITE-1","SITE-1-B3",3,45.63,3.92,76.6,112.7
"TOM-019","SITE-1","SITE-1-B3",3,40.89,4.42,68.1,115.8
"TOM-020","SITE-1","SITE-1-B3",3,94.52,3.11,71.7,109.7
"TOM-021","SITE-1","SITE-1-B3",3,65.1,4.3,75,102.8
"TOM-022","SITE-1","SITE-1-B3",3,56.24,4.11,66.3,108.8
"TOM-023","SITE-1","SITE-1-B3",3,85.84,3.9,63.8,114
"TOM-024","SITE-1","SITE-1-B3",3,79.77,3.74,77.5,119.5
"TOM-025","SITE-1","SITE-1-B3",3,81.49,3.26,72,104.1
"TOM-026","SITE-1","SITE-1-B3",3,63.76,4.42,81.5,107.2
"TOM-027","SITE-1","SITE-1-B3",3,74.97,4.56,78.7,103.8
"TOM-028","SITE-1","SITE-1-B3",3,69.41,3.97,68.2,105.7
"TOM-029","SITE-1","SITE-1-B3",3,74.84,4.07,75.7,108.5
"TOM-030","SITE-1","SITE-1-B3",3,52.15,4.18,72.1,107.2
"TOM-031","SITE-1","SITE-1-B3",3,66.81,4.28,80.7,109.6
"TOM-032","SITE-1","SITE-1-B3",3,76.03,3.12,62.3,114.7
"TOM-033","SITE-1","SITE-1-B3",3,86.63,3.97,85.5,109.1
"TOM-034","SITE-1","SITE-1-B3",3,72.6,5.07,68.9,110
"TOM-035","SITE-1","SITE-1-B3",3,64.98,3.61,73.9,110.1
"TOM-036","SITE-1","SITE-1-B3",3,66.4,3.87,60.6,113.7
"TOM-037","SITE-1","SITE-1-B3",3,66.98,4.36,78.5,107.4
"TOM-038","SITE-1","SITE-1-B3",3,52.69,3.77,67,113.4
"TOM-039","SITE-1","SITE-1-B3",3,55.23,4.97,69.6,111.4
"TOM-040","SITE-1","SITE-1-B3",3,62.49,4.36,73.4,106.8
"TOM-041","SITE-1","SITE-1-B3",3,64.58,3.73,66.6,110.1
"TOM-042","SITE-1","SITE-1-B3",3,75.77,4.53,61.3,113.7
"TOM-043","SITE-1","SITE-1-B3",3,78.02,4.14,75.4,107.7
"TOM-044","SITE-1","SITE-1-B3",3,68.65,5.86,63.2,110.5
"TOM-045","SITE-1","SITE-1-B3",3,49.07,3.44,72,113.4
"TOM-046","SITE-1","SITE-1-B3",3,74.29,4.15,89.2,110.1
"TOM-047","SITE-1","SITE-1-B3",3,58.06,4.4,78.2,109.3
"TOM-048","SITE-1","SITE-1-B3",3,95.03,4.83,75.8,109.7
"TOM-049","SITE-1","SITE-1-B3",3,70.51,3.99,68.2,109.8
"TOM-050","SITE-1","SITE-1-B3",3,77.22,3.79,76.7,114.4
"TOM-051","SITE-1","SITE-1-B3",3,70.09,4.33,76.6,113.9
"TOM-052","SITE-1","SITE-1-B3",3,66.53,3.94,76.5,120.1
"TOM-053","SITE-1","SITE-1-B3",3,86.25,3.6,71.5,102.1
"TOM-054","SITE-1","SITE-1-B3",3,77.6,3.83,87,107.3
"TOM-055","SITE-1","SITE-1-B3",3,79.24,3.98,85.8,116.6
"TOM-056","SITE-1","SITE-1-B3",3,58.92,3.93,77.2,103.5
"TOM-057","SITE-1","SITE-1-B3",3,81.21,3.63,54.5,116.8
"TOM-058","SITE-1","SITE-1-B3",3,81.57,5.85,81.2,112.7
"TOM-059","SITE-1","SITE-1-B3",3,51.01,5.03,82.3,109.4
"TOM-060","SITE-1","SITE-1-B3",3,81.67,4.39,79.5,111.3
"TOM-001","SITE-2","SITE-2-B1",1,112.54,5.57,50.3,116.6
"TOM-002","SITE-2","SITE-2-B1",1,78.08,6.3,51.5,114.2
"TOM-003","SITE-2","SITE-2-B1",1,107.26,5.38,53.1,115.5
"TOM-004","SITE-2","SITE-2-B1",1,84.17,7.04,55.1,114.2
"TOM-005","SITE-2","SITE-2-B1",1,102.97,5.3,58.8,110.4
"TOM-006","SITE-2","SITE-2-B1",1,90.72,6.68,61.7,110.1
"TOM-007","SITE-2","SITE-2-B1",1,132.89,5.58,64,120.9
"TOM-008","SITE-2","SITE-2-B1",1,76.67,6.98,45.5,119.6
"TOM-009","SITE-2","SITE-2-B1",1,108.96,6.53,71.6,111.7
"TOM-010","SITE-2","SITE-2-B1",1,82.09,6.45,68.9,108.3
"TOM-011","SITE-2","SITE-2-B1",1,86.96,5.17,72.1,113.1
"TOM-012","SITE-2","SITE-2-B1",1,90.94,5.55,66.9,114.6
"TOM-013","SITE-2","SITE-2-B1",1,105.13,7.47,60.4,120.6
"TOM-014","SITE-2","SITE-2-B1",1,101.43,5.33,64,111.1
"TOM-015","SITE-2","SITE-2-B1",1,96.05,6.23,67.5,113.8
"TOM-016","SITE-2","SITE-2-B1",1,108.62,6.42,56,114.9
"TOM-017","SITE-2","SITE-2-B1",1,100.05,6.74,67.7,117.6
"TOM-018","SITE-2","SITE-2-B1",1,72.34,7.1,70.7,121.7
"TOM-019","SITE-2","SITE-2-B1",1,82.05,7,64,121.2
"TOM-020","SITE-2","SITE-2-B1",1,108.37,5.05,71.4,116.1
"TOM-021","SITE-2","SITE-2-B1",1,87.4,6.71,64,112.2
"TOM-022","SITE-2","SITE-2-B1",1,82.19,7.32,45.9,119.3
"TOM-023","SITE-2","SITE-2-B1",1,109.41,6.26,55.6,116.9
"TOM-024","SITE-2","SITE-2-B1",1,103.52,6.41,66,126.6
"TOM-025","SITE-2","SITE-2-B1",1,99.04,5.57,63.9,104.5
"TOM-026","SITE-2","SITE-2-B1",1,92.93,6.03,66.7,113.1
"TOM-027","SITE-2","SITE-2-B1",1,88.92,6.56,50.2,111.6
"TOM-028","SITE-2","SITE-2-B1",1,79.95,6.52,44.1,111.8
"TOM-029","SITE-2","SITE-2-B1",1,78.25,6.25,67.4,110
"TOM-030","SITE-2","SITE-2-B1",1,92.77,5.92,54.2,113.5
"TOM-031","SITE-2","SITE-2-B1",1,101.37,6.52,70.4,108.3
"TOM-032","SITE-2","SITE-2-B1",1,103.78,6.37,53.3,122.3
"TOM-033","SITE-2","SITE-2-B1",1,129.27,6.71,75.1,114.8
"TOM-034","SITE-2","SITE-2-B1",1,80.8,7.43,56.5,108.1
"TOM-035","SITE-2","SITE-2-B1",1,94.05,5.98,57.5,114.8
"TOM-036","SITE-2","SITE-2-B1",1,87.69,5.94,51.6,115.1
"TOM-037","SITE-2","SITE-2-B1",1,82.28,5.98,55.6,109.8
"TOM-038","SITE-2","SITE-2-B1",1,87.74,5.63,51,123
"TOM-039","SITE-2","SITE-2-B1",1,88.07,7.02,50.1,116.8
"TOM-040","SITE-2","SITE-2-B1",1,106.07,6.77,75.6,112.2
"TOM-041","SITE-2","SITE-2-B1",1,84.61,6.98,69.6,120.7
"TOM-042","SITE-2","SITE-2-B1",1,81.91,6.41,48.2,112.6
"TOM-043","SITE-2","SITE-2-B1",1,94.56,5.72,79.4,113
"TOM-044","SITE-2","SITE-2-B1",1,88.29,7.29,66.6,115.2
"TOM-045","SITE-2","SITE-2-B1",1,63.93,6.2,56.7,114
"TOM-046","SITE-2","SITE-2-B1",1,91.81,6.9,79.7,116.7
"TOM-047","SITE-2","SITE-2-B1",1,72.96,6.49,41.2,115.7
"TOM-048","SITE-2","SITE-2-B1",1,104.28,6.38,72.2,110.5
"TOM-049","SITE-2","SITE-2-B1",1,87.85,6.26,58.8,110.1
"TOM-050","SITE-2","SITE-2-B1",1,94.59,5.87,73.1,118.1
"TOM-051","SITE-2","SITE-2-B1",1,95.55,5.79,59.1,110.3
"TOM-052","SITE-2","SITE-2-B1",1,88.49,6.18,72,120.9
"TOM-053","SITE-2","SITE-2-B1",1,101.63,5.81,46,110.2
"TOM-054","SITE-2","SITE-2-B1",1,76.74,5.26,73,112.9
"TOM-055","SITE-2","SITE-2-B1",1,125.11,6,78,112.4
"TOM-056","SITE-2","SITE-2-B1",1,95.23,6.11,69.9,118.9
"TOM-057","SITE-2","SITE-2-B1",1,109.58,5.46,49.8,120.1
"TOM-058","SITE-2","SITE-2-B1",1,100.84,7.48,70.2,114.5
"TOM-059","SITE-2","SITE-2-B1",1,85.08,6.5,58.1,116.1
"TOM-060","SITE-2","SITE-2-B1",1,90.71,5.98,58.8,108.1
"TOM-001","SITE-2","SITE-2-B2",2,105.34,5.64,55.6,113.6
"TOM-002","SITE-2","SITE-2-B2",2,99.99,5.43,63.1,112.9
"TOM-003","SITE-2","SITE-2-B2",2,94.88,6.54,61.2,116.4
"TOM-004","SITE-2","SITE-2-B2",2,108.67,6.87,64,122.2
"TOM-005","SITE-2","SITE-2-B2",2,84.64,5.63,68.5,110.6
"TOM-006","SITE-2","SITE-2-B2",2,95.94,6.63,61.9,108.6
"TOM-007","SITE-2","SITE-2-B2",2,90.3,6.15,60.7,122.8
"TOM-008","SITE-2","SITE-2-B2",2,94.92,6.24,46.4,120.1
"TOM-009","SITE-2","SITE-2-B2",2,103.94,7.11,65,108
"TOM-010","SITE-2","SITE-2-B2",2,89.54,6.51,70.6,114.6
"TOM-011","SITE-2","SITE-2-B2",2,84.02,5.39,67.1,113.3
"TOM-012","SITE-2","SITE-2-B2",2,120.21,6.24,71.6,119.2
"TOM-013","SITE-2","SITE-2-B2",2,91.17,6.31,55.4,122.2
"TOM-014","SITE-2","SITE-2-B2",2,89.97,6.16,66.6,112.3
"TOM-015","SITE-2","SITE-2-B2",2,81.79,6.1,73,114.2
"TOM-016","SITE-2","SITE-2-B2",2,105.4,5.94,65.7,122.7
"TOM-017","SITE-2","SITE-2-B2",2,92.97,6.88,61.3,118.2
"TOM-018","SITE-2","SITE-2-B2",2,100.4,7.2,69.6,121.3
"TOM-019","SITE-2","SITE-2-B2",2,55.14,5.97,59.9,123.6
"TOM-020","SITE-2","SITE-2-B2",2,108.07,5.29,76.2,114.6
"TOM-021","SITE-2","SITE-2-B2",2,86.3,6.68,72.5,107.4
"TOM-022","SITE-2","SITE-2-B2",2,85.49,6.3,61.4,116.2
"TOM-023","SITE-2","SITE-2-B2",2,81.4,6.32,68.6,117.9
"TOM-024","SITE-2","SITE-2-B2",2,113.11,5.57,76,123.4
"TOM-025","SITE-2","SITE-2-B2",2,97.76,4.74,65.1,109
"TOM-026","SITE-2","SITE-2-B2",2,102.74,6.19,69.5,111.9
"TOM-027","SITE-2","SITE-2-B2",2,89.42,6.1,60.4,111.7
"TOM-028","SITE-2","SITE-2-B2",2,86.24,6.62,58,112.3
"TOM-029","SITE-2","SITE-2-B2",2,118.14,6.28,70.7,115
"TOM-030","SITE-2","SITE-2-B2",2,94.73,6.18,50.9,120.7
"TOM-031","SITE-2","SITE-2-B2",2,103.36,6.7,71.1,115
"TOM-032","SITE-2","SITE-2-B2",2,90.68,6.4,55.3,122.2
"TOM-033","SITE-2","SITE-2-B2",2,107.13,5.61,64.6,116.6
"TOM-034","SITE-2","SITE-2-B2",2,76.57,7.66,60.1,115.3
"TOM-035","SITE-2","SITE-2-B2",2,91.14,5.97,57.3,115.7
"TOM-036","SITE-2","SITE-2-B2",2,67.11,5.77,60.4,120
"TOM-037","SITE-2","SITE-2-B2",2,82.39,6.31,60.4,114.3
"TOM-038","SITE-2","SITE-2-B2",2,73.75,6.05,55.3,121.2
"TOM-039","SITE-2","SITE-2-B2",2,83.77,6.6,58.5,118.3
"TOM-040","SITE-2","SITE-2-B2",2,100.71,6.4,64.2,113.3
"TOM-041","SITE-2","SITE-2-B2",2,109.24,6.73,75.5,122.1
"TOM-042","SITE-2","SITE-2-B2",2,94.82,6.71,51,112.9
"TOM-043","SITE-2","SITE-2-B2",2,106.5,5.08,76.8,109.2
"TOM-044","SITE-2","SITE-2-B2",2,81.46,6.19,71.2,110.1
"TOM-045","SITE-2","SITE-2-B2",2,79.74,5.39,71.5,113.8
"TOM-046","SITE-2","SITE-2-B2",2,117.83,6.22,81.1,114.7
"TOM-047","SITE-2","SITE-2-B2",2,83.77,5.55,50.4,116
"TOM-048","SITE-2","SITE-2-B2",2,113.8,6.04,69.1,120.2
"TOM-049","SITE-2","SITE-2-B2",2,92.17,6.53,66.2,113.8
"TOM-050","SITE-2","SITE-2-B2",2,102.3,5.87,76.3,122.9
"TOM-051","SITE-2","SITE-2-B2",2,96.49,6.27,68.7,115.5
"TOM-052","SITE-2","SITE-2-B2",2,91.55,6.1,67.5,121.6
"TOM-053","SITE-2","SITE-2-B2",2,102.32,6.55,55.4,111.5
"TOM-054","SITE-2","SITE-2-B2",2,107.53,6.56,78.1,113.6
"TOM-055","SITE-2","SITE-2-B2",2,92.42,5.17,77.3,108.2
"TOM-056","SITE-2","SITE-2-B2",2,95.95,6.07,68,106.8
"TOM-057","SITE-2","SITE-2-B2",2,105.44,5.98,53,122.4
"TOM-058","SITE-2","SITE-2-B2",2,87.63,6.76,64.8,124
"TOM-059","SITE-2","SITE-2-B2",2,74.17,4.87,50.4,119.4
"TOM-060","SITE-2","SITE-2-B2",2,106.52,5.78,74,107.6
"TOM-001","SITE-2","SITE-2-B3",3,111.94,6.21,58,112.8
"TOM-002","SITE-2","SITE-2-B3",3,103.95,6.98,56.1,116.4
"TOM-003","SITE-2","SITE-2-B3",3,111.77,6.12,66.8,118.3
"TOM-004","SITE-2","SITE-2-B3",3,102.84,6.69,59,115.1
"TOM-005","SITE-2","SITE-2-B3",3,93.58,6.16,64.4,112
"TOM-006","SITE-2","SITE-2-B3",3,110.35,6.63,59.5,110.6
"TOM-007","SITE-2","SITE-2-B3",3,103.92,6.41,65.1,115.1
"TOM-008","SITE-2","SITE-2-B3",3,90.64,6.57,55.8,117.8
"TOM-009","SITE-2","SITE-2-B3",3,124.6,6.09,68.5,113.8
"TOM-010","SITE-2","SITE-2-B3",3,109.66,6.1,71.2,107.1
"TOM-011","SITE-2","SITE-2-B3",3,101.28,5.45,69.3,116.5
"TOM-012","SITE-2","SITE-2-B3",3,117.08,6.05,59.8,117.5
"TOM-013","SITE-2","SITE-2-B3",3,61.28,7.13,60.8,116.1
"TOM-014","SITE-2","SITE-2-B3",3,86.36,6.23,81.1,109.9
"TOM-015","SITE-2","SITE-2-B3",3,82.56,5.98,72.1,112.2
"TOM-016","SITE-2","SITE-2-B3",3,81.36,7.26,57.6,121
"TOM-017","SITE-2","SITE-2-B3",3,103.59,6.61,70.7,118.3
"TOM-018","SITE-2","SITE-2-B3",3,73.78,7.46,73.9,118.4
"TOM-019","SITE-2","SITE-2-B3",3,67.27,6.37,55.9,120.3
"TOM-020","SITE-2","SITE-2-B3",3,105.47,4.91,55.5,114.9
"TOM-021","SITE-2","SITE-2-B3",3,93.49,6.94,68.2,107.9
"TOM-022","SITE-2","SITE-2-B3",3,74,7.84,49,117.6
"TOM-023","SITE-2","SITE-2-B3",3,99.78,6.81,56.7,117.9
"TOM-024","SITE-2","SITE-2-B3",3,93.96,6.08,63.8,127.6
"TOM-025","SITE-2","SITE-2-B3",3,109.76,5.44,77.2,104.6
"TOM-026","SITE-2","SITE-2-B3",3,98.35,6.67,85.5,114.7
"TOM-027","SITE-2","SITE-2-B3",3,102.33,6.67,55.1,113
"TOM-028","SITE-2","SITE-2-B3",3,76.82,7.12,59.2,109.4
"TOM-029","SITE-2","SITE-2-B3",3,96.74,6.58,63.3,117
"TOM-030","SITE-2","SITE-2-B3",3,71.28,5.93,63.2,114.1
"TOM-031","SITE-2","SITE-2-B3",3,103.87,6.56,60.9,102.8
"TOM-032","SITE-2","SITE-2-B3",3,105.07,6.41,61.7,121.7
"TOM-033","SITE-2","SITE-2-B3",3,100.05,5.54,58.4,111.9
"TOM-034","SITE-2","SITE-2-B3",3,77.93,7.21,53.2,112.7
"TOM-035","SITE-2","SITE-2-B3",3,99.52,5.94,69.2,113.2
"TOM-036","SITE-2","SITE-2-B3",3,82.99,6.77,59.6,111
"TOM-037","SITE-2","SITE-2-B3",3,92.7,6.82,67.6,114.6
"TOM-038","SITE-2","SITE-2-B3",3,88.96,5.39,61.4,119.1
"TOM-039","SITE-2","SITE-2-B3",3,89.7,5.99,57.5,116.5
"TOM-040","SITE-2","SITE-2-B3",3,95.29,6.97,70.6,105.6
"TOM-041","SITE-2","SITE-2-B3",3,104.19,6.29,68.8,111.7
"TOM-042","SITE-2","SITE-2-B3",3,94.59,6.78,56.7,112.9
"TOM-043","SITE-2","SITE-2-B3",3,106.96,5.07,74.5,113.1
"TOM-044","SITE-2","SITE-2-B3",3,89.51,7,54.1,113.5
"TOM-045","SITE-2","SITE-2-B3",3,82.25,6.28,78.9,118.2
"TOM-046","SITE-2","SITE-2-B3",3,110.05,6.63,73.6,117.9
"TOM-047","SITE-2","SITE-2-B3",3,83.1,6.51,54.3,120.4
"TOM-048","SITE-2","SITE-2-B3",3,123.47,5.87,69.6,113.3
"TOM-049","SITE-2","SITE-2-B3",3,108.01,6.27,65.1,112.9
"TOM-050","SITE-2","SITE-2-B3",3,105.09,6.71,75.8,121.3
"TOM-051","SITE-2","SITE-2-B3",3,96.01,6.35,72.5,107.7
"TOM-052","SITE-2","SITE-2-B3",3,98.39,6.24,69.1,115.5
"TOM-053","SITE-2","SITE-2-B3",3,120.98,4.88,58.8,111.3
"TOM-054","SITE-2","SITE-2-B3",3,107.63,6.12,82.2,112.2
"TOM-055","SITE-2","SITE-2-B3",3,87.34,5.71,71.4,114.8
"TOM-056","SITE-2","SITE-2-B3",3,98.54,5.02,57.9,112
"TOM-057","SITE-2","SITE-2-B3",3,93.42,5.35,55.3,116.7
"TOM-058","SITE-2","SITE-2-B3",3,102.39,7.57,67.9,115.2
"TOM-059","SITE-2","SITE-2-B3",3,82.7,6.25,69.1,114.9
"TOM-060","SITE-2","SITE-2-B3",3,110.34,6.44,71.6,109.2
"TOM-001","SITE-3","SITE-3-B1",1,109.85,4.78,58.5,119.5
"TOM-002","SITE-3","SITE-3-B1",1,85.56,5.41,50.6,112.2
"TOM-003","SITE-3","SITE-3-B1",1,92.48,6.2,59.4,116.2
"TOM-004","SITE-3","SITE-3-B1",1,87.31,6.98,57.3,120
"TOM-005","SITE-3","SITE-3-B1",1,83.71,5.2,64.6,118.1
"TOM-006","SITE-3","SITE-3-B1",1,93.49,7,54.6,120
"TOM-007","SITE-3","SITE-3-B1",1,121.16,6.11,62.7,124.2
"TOM-008","SITE-3","SITE-3-B1",1,92.08,5.58,43,118
"TOM-009","SITE-3","SITE-3-B1",1,104.8,5.22,62.3,115.1
"TOM-010","SITE-3","SITE-3-B1",1,107.62,5.65,51.9,114
"TOM-011","SITE-3","SITE-3-B1",1,101.72,4.89,65.5,118.1
"TOM-012","SITE-3","SITE-3-B1",1,106.4,4.89,55.4,123.4
"TOM-013","SITE-3","SITE-3-B1",1,68.65,6.92,56.8,117.8
"TOM-014","SITE-3","SITE-3-B1",1,91.5,5.54,70.4,112.6
"TOM-015","SITE-3","SITE-3-B1",1,104.52,6.23,72.8,116.6
"TOM-016","SITE-3","SITE-3-B1",1,107.15,5.66,62,127.8
"TOM-017","SITE-3","SITE-3-B1",1,94.07,5.45,60.1,122.6
"TOM-018","SITE-3","SITE-3-B1",1,71.07,6.15,71.3,122.7
"TOM-019","SITE-3","SITE-3-B1",1,95.09,4.9,51.9,122.7
"TOM-020","SITE-3","SITE-3-B1",1,102.6,5.29,67.2,121.9
"TOM-021","SITE-3","SITE-3-B1",1,87.21,6.76,56.2,109.7
"TOM-022","SITE-3","SITE-3-B1",1,81.7,5.63,65.3,115.9
"TOM-023","SITE-3","SITE-3-B1",1,105.11,5.84,68.1,120.4
"TOM-024","SITE-3","SITE-3-B1",1,93.95,5.06,63.2,124.9
"TOM-025","SITE-3","SITE-3-B1",1,114.91,4.75,67.5,119.5
"TOM-026","SITE-3","SITE-3-B1",1,85.64,6.96,63,115.1
"TOM-027","SITE-3","SITE-3-B1",1,86.19,6.04,50.3,113.7
"TOM-028","SITE-3","SITE-3-B1",1,77.01,5.05,43.8,117.4
"TOM-029","SITE-3","SITE-3-B1",1,112.28,6.12,69.4,118.8
"TOM-030","SITE-3","SITE-3-B1",1,95.37,5.94,47.4,118.7
"TOM-031","SITE-3","SITE-3-B1",1,105,6.1,69,111.1
"TOM-032","SITE-3","SITE-3-B1",1,86.4,5.51,55.9,126.3
"TOM-033","SITE-3","SITE-3-B1",1,100.05,5.68,68.6,113.2
"TOM-034","SITE-3","SITE-3-B1",1,89.34,5.87,56.4,121.3
"TOM-035","SITE-3","SITE-3-B1",1,105.24,6.03,59.9,124.7
"TOM-036","SITE-3","SITE-3-B1",1,74.45,5.75,45.1,118.7
"TOM-037","SITE-3","SITE-3-B1",1,87.11,5.55,67.4,115.2
"TOM-038","SITE-3","SITE-3-B1",1,94.56,5.03,58.1,125.9
"TOM-039","SITE-3","SITE-3-B1",1,85.66,5.24,48.2,119.9
"TOM-040","SITE-3","SITE-3-B1",1,103.18,5.95,70.4,109.7
"TOM-041","SITE-3","SITE-3-B1",1,92.14,6.23,61.2,121.9
"TOM-042","SITE-3","SITE-3-B1",1,86.34,6.22,47.3,117.2
"TOM-043","SITE-3","SITE-3-B1",1,102.5,4.45,67.9,117.8
"TOM-044","SITE-3","SITE-3-B1",1,92.71,6.73,55.3,119.2
"TOM-045","SITE-3","SITE-3-B1",1,79.62,5.71,67.4,120.3
"TOM-046","SITE-3","SITE-3-B1",1,82.78,6.38,68,122.1
"TOM-047","SITE-3","SITE-3-B1",1,96.51,4.62,51.9,119.9
"TOM-048","SITE-3","SITE-3-B1",1,115.33,5.19,73.9,117.6
"TOM-049","SITE-3","SITE-3-B1",1,96.82,5.29,63.4,115.1
"TOM-050","SITE-3","SITE-3-B1",1,94.04,5.49,61.3,127.9
"TOM-051","SITE-3","SITE-3-B1",1,103.8,5.48,58.6,122.5
"TOM-052","SITE-3","SITE-3-B1",1,89.33,6.03,73,119
"TOM-053","SITE-3","SITE-3-B1",1,113.83,4.61,57.3,108.2
"TOM-054","SITE-3","SITE-3-B1",1,109.41,5.23,80.9,109.5
"TOM-055","SITE-3","SITE-3-B1",1,85.3,4.81,66,114.7
"TOM-056","SITE-3","SITE-3-B1",1,97.14,5.25,71.9,122
"TOM-057","SITE-3","SITE-3-B1",1,115.77,5.23,49.7,125.7
"TOM-058","SITE-3","SITE-3-B1",1,102.59,6.74,69.1,118.8
"TOM-059","SITE-3","SITE-3-B1",1,72.03,5.12,61.4,124.1
"TOM-060","SITE-3","SITE-3-B1",1,78.86,5.15,60.1,114.7
"TOM-001","SITE-3","SITE-3-B2",2,114.04,4.47,57.4,124.6
"TOM-002","SITE-3","SITE-3-B2",2,96.94,6.71,52.4,118.4
"TOM-003","SITE-3","SITE-3-B2",2,109.4,5.66,60,119.2
"TOM-004","SITE-3","SITE-3-B2",2,115.26,5.24,57.3,122.4
"TOM-005","SITE-3","SITE-3-B2",2,104.78,5.15,61.5,120.8
"TOM-006","SITE-3","SITE-3-B2",2,126.26,5.86,63.6,116.8
"TOM-007","SITE-3","SITE-3-B2",2,111.96,5.41,54.3,124.1
"TOM-008","SITE-3","SITE-3-B2",2,97.19,5.63,52.2,121.4
"TOM-009","SITE-3","SITE-3-B2",2,133.11,5.42,52.3,116.8
"TOM-010","SITE-3","SITE-3-B2",2,93.29,6.12,68.7,113.9
"TOM-011","SITE-3","SITE-3-B2",2,123.34,5.22,68.7,116.6
"TOM-012","SITE-3","SITE-3-B2",2,120.93,5.82,61.6,121.2
"TOM-013","SITE-3","SITE-3-B2",2,78.39,6.27,60.5,119.9
"TOM-014","SITE-3","SITE-3-B2",2,85.92,5.07,76.1,119.9
"TOM-015","SITE-3","SITE-3-B2",2,111.18,5.61,81.1,117.3
"TOM-016","SITE-3","SITE-3-B2",2,90.98,6.11,56.7,119.3
"TOM-017","SITE-3","SITE-3-B2",2,120.15,5.66,59,119.1
"TOM-018","SITE-3","SITE-3-B2",2,87.92,6.48,72.8,121.6
"TOM-019","SITE-3","SITE-3-B2",2,72.78,6.07,60.5,124.7
"TOM-020","SITE-3","SITE-3-B2",2,118.72,4.65,64,117.7
"TOM-021","SITE-3","SITE-3-B2",2,96.66,6.8,63.3,111.3
"TOM-022","SITE-3","SITE-3-B2",2,74.9,6.59,47.9,126.1
"TOM-023","SITE-3","SITE-3-B2",2,100.63,5.94,59,124.5
"TOM-024","SITE-3","SITE-3-B2",2,124.74,6.01,66.7,124.1
"TOM-025","SITE-3","SITE-3-B2",2,113.03,4.64,67.5,113.4
"TOM-026","SITE-3","SITE-3-B2",2,99.44,5.2,61.6,118.5
"TOM-027","SITE-3","SITE-3-B2",2,90.1,5.74,56.5,119.3
"TOM-028","SITE-3","SITE-3-B2",2,91.91,5.65,50.4,119.3
"TOM-029","SITE-3","SITE-3-B2",2,94.12,6.09,69.9,115.6
"TOM-030","SITE-3","SITE-3-B2",2,103.7,6.69,59.8,119
"TOM-031","SITE-3","SITE-3-B2",2,114.83,6.56,56.8,113
"TOM-032","SITE-3","SITE-3-B2",2,109.29,4.48,55.5,126.4
"TOM-033","SITE-3","SITE-3-B2",2,114.03,5.36,73.2,119.8
"TOM-034","SITE-3","SITE-3-B2",2,105.5,6.49,56.8,121.3
"TOM-035","SITE-3","SITE-3-B2",2,127.12,5.14,66.6,118.7
"TOM-036","SITE-3","SITE-3-B2",2,71.06,5.45,40.9,122.7
"TOM-037","SITE-3","SITE-3-B2",2,86.42,6.08,52,120.2
"TOM-038","SITE-3","SITE-3-B2",2,97.36,4.86,48.5,123.6
"TOM-039","SITE-3","SITE-3-B2",2,103.09,6,53.5,121.5
"TOM-040","SITE-3","SITE-3-B2",2,99.41,5.88,73,116.3
"TOM-041","SITE-3","SITE-3-B2",2,116.23,6.21,64.3,123
"TOM-042","SITE-3","SITE-3-B2",2,90.44,5.91,56.5,122.1
"TOM-043","SITE-3","SITE-3-B2",2,111.87,4.93,61,122.1
"TOM-044","SITE-3","SITE-3-B2",2,99.89,6.41,60.6,114.8
"TOM-045","SITE-3","SITE-3-B2",2,79.34,5.13,64,119.6
"TOM-046","SITE-3","SITE-3-B2",2,112.55,5.29,72.1,119.9
"TOM-047","SITE-3","SITE-3-B2",2,74.49,5.34,48.6,121.2
"TOM-048","SITE-3","SITE-3-B2",2,116.56,5.36,70.6,120.5
"TOM-049","SITE-3","SITE-3-B2",2,82.11,6.3,58.1,114.4
"TOM-050","SITE-3","SITE-3-B2",2,130.99,5.36,62.6,124.7
"TOM-051","SITE-3","SITE-3-B2",2,110.99,5.52,46.4,122.1
"TOM-052","SITE-3","SITE-3-B2",2,87.8,5.01,55.9,121.3
"TOM-053","SITE-3","SITE-3-B2",2,116.83,5.34,52.9,110.7
"TOM-054","SITE-3","SITE-3-B2",2,105.09,5.87,66.7,118.6
"TOM-055","SITE-3","SITE-3-B2",2,107.21,5.56,73.2,112.7
"TOM-056","SITE-3","SITE-3-B2",2,123.45,4.6,54.5,121.1
"TOM-057","SITE-3","SITE-3-B2",2,98.5,5.11,61.8,123.9
"TOM-058","SITE-3","SITE-3-B2",2,119.99,5.34,61.7,123.5
"TOM-059","SITE-3","SITE-3-B2",2,69.17,5.83,50.1,117.4
"TOM-060","SITE-3","SITE-3-B2",2,107.02,5.88,52.7,116.5
"TOM-001","SITE-3","SITE-3-B3",3,98.01,5.19,55.5,118.7
"TOM-002","SITE-3","SITE-3-B3",3,78.76,6.22,54.9,119.5
"TOM-003","SITE-3","SITE-3-B3",3,108.28,5.5,57,123.9
"TOM-004","SITE-3","SITE-3-B3",3,95.13,5.83,59.2,120.2
"TOM-005","SITE-3","SITE-3-B3",3,114.57,6.33,65.3,117
"TOM-006","SITE-3","SITE-3-B3",3,88.23,5.98,50.4,121
"TOM-007","SITE-3","SITE-3-B3",3,110.62,5.35,60.2,126.2
"TOM-008","SITE-3","SITE-3-B3",3,94.34,6.44,53,125.6
"TOM-009","SITE-3","SITE-3-B3",3,105.72,5.37,67.8,115.4
"TOM-010","SITE-3","SITE-3-B3",3,84,5.69,65.4,108.2
"TOM-011","SITE-3","SITE-3-B3",3,117.83,5.17,68.4,121.3
"TOM-012","SITE-3","SITE-3-B3",3,85.58,5.33,70.3,116.3
"TOM-013","SITE-3","SITE-3-B3",3,90.98,5.92,52.9,123.6
"TOM-014","SITE-3","SITE-3-B3",3,92.39,5.72,62,114
"TOM-015","SITE-3","SITE-3-B3",3,98.47,5.8,75.4,116.8
"TOM-016","SITE-3","SITE-3-B3",3,90.91,5.17,62.4,124.9
"TOM-017","SITE-3","SITE-3-B3",3,105.06,6.94,55.9,118.9
"TOM-018","SITE-3","SITE-3-B3",3,71.7,5.63,74.2,123.2
"TOM-019","SITE-3","SITE-3-B3",3,71.46,6.55,57,125.9
"TOM-020","SITE-3","SITE-3-B3",3,111.4,5.08,79.5,116.2
"TOM-021","SITE-3","SITE-3-B3",3,85.59,5.24,68.1,113
"TOM-022","SITE-3","SITE-3-B3",3,97.2,5.3,58.7,122.5
"TOM-023","SITE-3","SITE-3-B3",3,102.4,5.73,61.1,124.1
"TOM-024","SITE-3","SITE-3-B3",3,103.52,5.85,77.3,126.9
"TOM-025","SITE-3","SITE-3-B3",3,118.25,4.48,73.9,119.9
"TOM-026","SITE-3","SITE-3-B3",3,93.2,5.64,70.2,111.2
"TOM-027","SITE-3","SITE-3-B3",3,90.79,5.28,62.5,116.7
"TOM-028","SITE-3","SITE-3-B3",3,84.59,5.88,54,114.3
"TOM-029","SITE-3","SITE-3-B3",3,108.73,6.11,75.3,121.3
"TOM-030","SITE-3","SITE-3-B3",3,94.38,5.92,52.8,121.5
"TOM-031","SITE-3","SITE-3-B3",3,96.76,5.92,64.5,120.1
"TOM-032","SITE-3","SITE-3-B3",3,110.11,5.75,48.4,123.8
"TOM-033","SITE-3","SITE-3-B3",3,105.44,5.9,73.8,123.3
"TOM-034","SITE-3","SITE-3-B3",3,105.39,6.05,54.9,126
"TOM-035","SITE-3","SITE-3-B3",3,90.49,4.87,67.4,126
"TOM-036","SITE-3","SITE-3-B3",3,76.87,5.43,56.6,115.7
"TOM-037","SITE-3","SITE-3-B3",3,83.26,4.74,67.6,119.8
"TOM-038","SITE-3","SITE-3-B3",3,88.21,4.97,51.1,128.8
"TOM-039","SITE-3","SITE-3-B3",3,88.47,6.27,57.8,120.3
"TOM-040","SITE-3","SITE-3-B3",3,99.76,6.57,86,114.9
"TOM-041","SITE-3","SITE-3-B3",3,103.72,6.01,72.6,124.4
"TOM-042","SITE-3","SITE-3-B3",3,101.53,5.89,62.6,118.6
"TOM-043","SITE-3","SITE-3-B3",3,109.4,5.95,69.4,116.9
"TOM-044","SITE-3","SITE-3-B3",3,104.65,7.17,72.1,121.8
"TOM-045","SITE-3","SITE-3-B3",3,90.79,5.55,70.9,121.5
"TOM-046","SITE-3","SITE-3-B3",3,104.33,5.63,74.6,121.1
"TOM-047","SITE-3","SITE-3-B3",3,98.2,5.81,50.9,118.4
"TOM-048","SITE-3","SITE-3-B3",3,99.11,5.32,68.2,119
"TOM-049","SITE-3","SITE-3-B3",3,98.03,5.72,71.7,117.1
"TOM-050","SITE-3","SITE-3-B3",3,99.24,5.39,66.3,128.2
"TOM-051","SITE-3","SITE-3-B3",3,111.5,5.35,58.4,117
"TOM-052","SITE-3","SITE-3-B3",3,92.84,5.96,68.9,128.6
"TOM-053","SITE-3","SITE-3-B3",3,120.96,5.56,54.3,117.7
"TOM-054","SITE-3","SITE-3-B3",3,97,4.39,64.9,115.9
"TOM-055","SITE-3","SITE-3-B3",3,97.45,5.29,70.5,121.4
"TOM-056","SITE-3","SITE-3-B3",3,87.01,5.99,63.8,117.9
"TOM-057","SITE-3","SITE-3-B3",3,112.6,4.62,56.8,121.3
"TOM-058","SITE-3","SITE-3-B3",3,89.95,6.91,79.7,121.8
"TOM-059","SITE-3","SITE-3-B3",3,80.31,5.52,64.2,122.2
"TOM-060","SITE-3","SITE-3-B3",3,109.03,6,67.2,119.9
"TOM-001","SITE-4","SITE-4-B1",1,115.25,4.83,58.6,107
"TOM-002","SITE-4","SITE-4-B1",1,116.1,6.1,64.6,108.7
"TOM-003","SITE-4","SITE-4-B1",1,104.1,5.04,79.2,111.4
"TOM-004","SITE-4","SITE-4-B1",1,86.93,5.38,64.3,111.7
"TOM-005","SITE-4","SITE-4-B1",1,92.92,4.6,69.4,108
"TOM-006","SITE-4","SITE-4-B1",1,100.89,5.34,68.3,101.4
"TOM-007","SITE-4","SITE-4-B1",1,119.15,4.48,71,110.7
"TOM-008","SITE-4","SITE-4-B1",1,99.16,5.78,47.7,116.6
"TOM-009","SITE-4","SITE-4-B1",1,131.19,5.24,65.4,107.4
"TOM-010","SITE-4","SITE-4-B1",1,97.04,5.37,64.1,103.4
"TOM-011","SITE-4","SITE-4-B1",1,124.64,4.61,74.4,112
"TOM-012","SITE-4","SITE-4-B1",1,119.81,5.4,67.7,104.5
"TOM-013","SITE-4","SITE-4-B1",1,96.12,4.47,58.2,110.6
"TOM-014","SITE-4","SITE-4-B1",1,103.51,4.09,88.6,105.3
"TOM-015","SITE-4","SITE-4-B1",1,102.61,4.33,82,108.4
"TOM-016","SITE-4","SITE-4-B1",1,108.15,5.95,65,111.1
"TOM-017","SITE-4","SITE-4-B1",1,116.12,5.71,65.1,111.4
"TOM-018","SITE-4","SITE-4-B1",1,63.28,5.61,71,109.3
"TOM-019","SITE-4","SITE-4-B1",1,84.35,5.09,58.1,119.4
"TOM-020","SITE-4","SITE-4-B1",1,109.3,4.64,62.9,105
"TOM-021","SITE-4","SITE-4-B1",1,110.39,5.3,65,101.1
"TOM-022","SITE-4","SITE-4-B1",1,104.95,5.59,64.4,111.4
"TOM-023","SITE-4","SITE-4-B1",1,91.3,5.21,53.5,114.8
"TOM-024","SITE-4","SITE-4-B1",1,124.35,4.64,66.8,123.1
"TOM-025","SITE-4","SITE-4-B1",1,111.53,4.66,62.2,103.6
"TOM-026","SITE-4","SITE-4-B1",1,119.82,5.12,77.7,108.9
"TOM-027","SITE-4","SITE-4-B1",1,100.41,4.89,69.5,110.3
"TOM-028","SITE-4","SITE-4-B1",1,90.43,5.41,57.8,107.8
"TOM-029","SITE-4","SITE-4-B1",1,86.49,5.21,69.1,109.5
"TOM-030","SITE-4","SITE-4-B1",1,98.55,5.16,62.2,111.6
"TOM-031","SITE-4","SITE-4-B1",1,81.45,5.42,70.4,101
"TOM-032","SITE-4","SITE-4-B1",1,96.46,4.66,63.6,120.5
"TOM-033","SITE-4","SITE-4-B1",1,117.72,4.82,82,115.3
"TOM-034","SITE-4","SITE-4-B1",1,92.85,5.94,69.8,107.7
"TOM-035","SITE-4","SITE-4-B1",1,102.06,4.83,71.2,110.2
"TOM-036","SITE-4","SITE-4-B1",1,93.44,4.82,59.7,108.2
"TOM-037","SITE-4","SITE-4-B1",1,104.2,4.46,76,109.9
"TOM-038","SITE-4","SITE-4-B1",1,88.49,4.35,63.1,117.6
"TOM-039","SITE-4","SITE-4-B1",1,72.62,6.31,58.2,115.4
"TOM-040","SITE-4","SITE-4-B1",1,111.07,5.76,67.6,104.7
"TOM-041","SITE-4","SITE-4-B1",1,95.83,5.34,70.6,115.2
"TOM-042","SITE-4","SITE-4-B1",1,92.89,5.3,43.5,112.8
"TOM-043","SITE-4","SITE-4-B1",1,99.35,4.89,71.1,111.5
"TOM-044","SITE-4","SITE-4-B1",1,89.38,6.69,68.3,109.2
"TOM-045","SITE-4","SITE-4-B1",1,90.46,4.79,82.5,110.8
"TOM-046","SITE-4","SITE-4-B1",1,114.38,4.59,79.5,107.5
"TOM-047","SITE-4","SITE-4-B1",1,108.63,5.11,69.3,114.1
"TOM-048","SITE-4","SITE-4-B1",1,109.81,5.01,78,111
"TOM-049","SITE-4","SITE-4-B1",1,95.62,5.41,75,108.6
"TOM-050","SITE-4","SITE-4-B1",1,110.06,4.51,70.9,113.9
"TOM-051","SITE-4","SITE-4-B1",1,108.04,4.4,63.6,108.3
"TOM-052","SITE-4","SITE-4-B1",1,104.07,5.5,76.2,112.1
"TOM-053","SITE-4","SITE-4-B1",1,106.18,5.01,64.2,104.2
"TOM-054","SITE-4","SITE-4-B1",1,110.67,5.61,76.8,108.2
"TOM-055","SITE-4","SITE-4-B1",1,92.25,4.52,72.9,110.1
"TOM-056","SITE-4","SITE-4-B1",1,97.62,4.86,77.1,110.5
"TOM-057","SITE-4","SITE-4-B1",1,100.45,4.07,60.9,115
"TOM-058","SITE-4","SITE-4-B1",1,103.72,5.92,74.1,106.9
"TOM-059","SITE-4","SITE-4-B1",1,82.06,4.34,57,111.4
"TOM-060","SITE-4","SITE-4-B1",1,90.96,4.25,77.5,106.1
"TOM-001","SITE-4","SITE-4-B2",2,107.49,4.18,61.3,112.9
"TOM-002","SITE-4","SITE-4-B2",2,94.46,5.71,49.1,106.6
"TOM-003","SITE-4","SITE-4-B2",2,94.82,5.71,80.1,118
"TOM-004","SITE-4","SITE-4-B2",2,95.99,5.55,63.4,115.4
"TOM-005","SITE-4","SITE-4-B2",2,105.88,5.17,65.6,108.9
"TOM-006","SITE-4","SITE-4-B2",2,90.31,5.33,84.9,111.6
"TOM-007","SITE-4","SITE-4-B2",2,103.29,4.47,68.4,111.4
"TOM-008","SITE-4","SITE-4-B2",2,106.78,5.24,53.9,112.2
"TOM-009","SITE-4","SITE-4-B2",2,124.54,5.21,68.7,109.9
"TOM-010","SITE-4","SITE-4-B2",2,109.04,5.72,75.2,109.8
"TOM-011","SITE-4","SITE-4-B2",2,116.53,3.63,94.4,108.9
"TOM-012","SITE-4","SITE-4-B2",2,135.49,4.91,74.4,113.6
"TOM-013","SITE-4","SITE-4-B2",2,96.85,5.94,76.4,115.8
"TOM-014","SITE-4","SITE-4-B2",2,105.37,5.05,78.5,104.1
"TOM-015","SITE-4","SITE-4-B2",2,94.32,4.49,84.7,108.2
"TOM-016","SITE-4","SITE-4-B2",2,100.85,5.03,62.6,119
"TOM-017","SITE-4","SITE-4-B2",2,98.14,5.16,68,115.2
"TOM-018","SITE-4","SITE-4-B2",2,74.34,6.54,71,113.9
"TOM-019","SITE-4","SITE-4-B2",2,84.63,6.12,50.8,116.9
"TOM-020","SITE-4","SITE-4-B2",2,124.2,3.9,71.2,113.2
"TOM-021","SITE-4","SITE-4-B2",2,92.56,6.19,76.2,105.8
"TOM-022","SITE-4","SITE-4-B2",2,79.04,5.02,66.2,112
"TOM-023","SITE-4","SITE-4-B2",2,107.97,5.6,68.1,115.4
"TOM-024","SITE-4","SITE-4-B2",2,120.09,4.8,79.2,121.3
"TOM-025","SITE-4","SITE-4-B2",2,121.7,4.84,75.2,102.6
"TOM-026","SITE-4","SITE-4-B2",2,96.27,5.8,82.6,109.7
"TOM-027","SITE-4","SITE-4-B2",2,87.25,4.67,76.7,109.5
"TOM-028","SITE-4","SITE-4-B2",2,90.38,4.92,66.1,105.6
"TOM-029","SITE-4","SITE-4-B2",2,104.33,4.91,89.9,109
"TOM-030","SITE-4","SITE-4-B2",2,88.83,6,67.1,110.7
"TOM-031","SITE-4","SITE-4-B2",2,112.69,5.21,60.4,102.9
"TOM-032","SITE-4","SITE-4-B2",2,111.49,4.14,57.4,112.2
"TOM-033","SITE-4","SITE-4-B2",2,104.9,4.94,88.7,112.4
"TOM-034","SITE-4","SITE-4-B2",2,88.74,6.32,69.6,109.5
"TOM-035","SITE-4","SITE-4-B2",2,104.93,4.64,73.3,106.7
"TOM-036","SITE-4","SITE-4-B2",2,99.12,4.8,57.2,108.1
"TOM-037","SITE-4","SITE-4-B2",2,87.75,4.84,73.8,117.6
"TOM-038","SITE-4","SITE-4-B2",2,99.95,4.36,62.3,120
"TOM-039","SITE-4","SITE-4-B2",2,82.03,5.29,51.8,110.7
"TOM-040","SITE-4","SITE-4-B2",2,97.78,5.7,74.5,105.8
"TOM-041","SITE-4","SITE-4-B2",2,92.35,6,80.4,115.5
"TOM-042","SITE-4","SITE-4-B2",2,102.62,5.05,59.7,113.7
"TOM-043","SITE-4","SITE-4-B2",2,94.06,5.1,72.2,107
"TOM-044","SITE-4","SITE-4-B2",2,99.82,6.19,60.3,108.8
"TOM-045","SITE-4","SITE-4-B2",2,98.28,4.46,68.3,116.1
"TOM-046","SITE-4","SITE-4-B2",2,113.27,5.15,99.9,108.9
"TOM-047","SITE-4","SITE-4-B2",2,90.8,5.19,74.8,112.5
"TOM-048","SITE-4","SITE-4-B2",2,108.07,5.56,89.7,111.9
"TOM-049","SITE-4","SITE-4-B2",2,102.01,4.45,85.1,108.7
"TOM-050","SITE-4","SITE-4-B2",2,100.74,5.13,74.3,113.9
"TOM-051","SITE-4","SITE-4-B2",2,114.95,5.46,75.1,105.6
"TOM-052","SITE-4","SITE-4-B2",2,98.38,6.15,76.1,115.8
"TOM-053","SITE-4","SITE-4-B2",2,110.82,4.58,68.1,109.3
"TOM-054","SITE-4","SITE-4-B2",2,102.76,4.97,82.8,107.7
"TOM-055","SITE-4","SITE-4-B2",2,104.4,4.2,73.7,112.5
"TOM-056","SITE-4","SITE-4-B2",2,106.21,5.71,85,113.6
"TOM-057","SITE-4","SITE-4-B2",2,100.31,4.82,53.9,112.5
"TOM-058","SITE-4","SITE-4-B2",2,108.7,5.88,82.5,111.6
"TOM-059","SITE-4","SITE-4-B2",2,68.82,5.32,74,111.8
"TOM-060","SITE-4","SITE-4-B2",2,116.08,4.47,64.7,109.3
"TOM-001","SITE-4","SITE-4-B3",3,106.62,4.04,67.2,112
"TOM-002","SITE-4","SITE-4-B3",3,98.25,5.91,66.8,110
"TOM-003","SITE-4","SITE-4-B3",3,97.84,5,66.1,112.9
"TOM-004","SITE-4","SITE-4-B3",3,116.83,5.05,63.4,115
"TOM-005","SITE-4","SITE-4-B3",3,106.09,5.06,79.3,107.3
"TOM-006","SITE-4","SITE-4-B3",3,92.19,6.23,63.2,104.7
"TOM-007","SITE-4","SITE-4-B3",3,120.02,4.82,70.9,115.9
"TOM-008","SITE-4","SITE-4-B3",3,98.5,6.06,53.9,108.9
"TOM-009","SITE-4","SITE-4-B3",3,135.83,4.72,74.2,111
"TOM-010","SITE-4","SITE-4-B3",3,109.28,5.46,70.2,100.8
"TOM-011","SITE-4","SITE-4-B3",3,99.71,4.14,81.7,113
"TOM-012","SITE-4","SITE-4-B3",3,123.98,4.61,77.5,111.1
"TOM-013","SITE-4","SITE-4-B3",3,83.32,5.44,75.4,110.1
"TOM-014","SITE-4","SITE-4-B3",3,111.97,4.4,87.7,107.9
"TOM-015","SITE-4","SITE-4-B3",3,95.94,5.62,69.3,104.1
"TOM-016","SITE-4","SITE-4-B3",3,113.01,5.15,71,116.4
"TOM-017","SITE-4","SITE-4-B3",3,115.53,5.88,77.3,108.7
"TOM-018","SITE-4","SITE-4-B3",3,68.74,5.86,68.1,111.5
"TOM-019","SITE-4","SITE-4-B3",3,75.2,4.86,58.8,119.1
"TOM-020","SITE-4","SITE-4-B3",3,117.7,4.06,79.9,107.1
"TOM-021","SITE-4","SITE-4-B3",3,85.75,5.4,65.3,103.8
"TOM-022","SITE-4","SITE-4-B3",3,77.09,5.39,57.2,115.1
"TOM-023","SITE-4","SITE-4-B3",3,100.17,5.88,73.4,112.5
"TOM-024","SITE-4","SITE-4-B3",3,111.92,4.22,69.4,115.9
"TOM-025","SITE-4","SITE-4-B3",3,117.76,3.96,65.1,105.4
"TOM-026","SITE-4","SITE-4-B3",3,90.64,4.86,75.2,112.1
"TOM-027","SITE-4","SITE-4-B3",3,91.62,5.24,73,106.4
"TOM-028","SITE-4","SITE-4-B3",3,99.93,5.31,74.7,106.4
"TOM-029","SITE-4","SITE-4-B3",3,98.92,5.32,77.3,116.9
"TOM-030","SITE-4","SITE-4-B3",3,95.77,5.28,53.9,110.1
"TOM-031","SITE-4","SITE-4-B3",3,93.15,5.83,80.4,105.9
"TOM-032","SITE-4","SITE-4-B3",3,121.06,4.33,53.5,122.5
"TOM-033","SITE-4","SITE-4-B3",3,114.06,5.03,96.9,115.1
"TOM-034","SITE-4","SITE-4-B3",3,100.57,6.37,56.6,109.9
"TOM-035","SITE-4","SITE-4-B3",3,109.51,4.51,69,116.3
"TOM-036","SITE-4","SITE-4-B3",3,81.01,5.63,59,107.9
"TOM-037","SITE-4","SITE-4-B3",3,88.4,5.42,70.2,107.1
"TOM-038","SITE-4","SITE-4-B3",3,103.84,4.18,68.6,116.7
"TOM-039","SITE-4","SITE-4-B3",3,77.7,6.64,68.9,109.3
"TOM-040","SITE-4","SITE-4-B3",3,106.82,5.07,72.1,107.4
"TOM-041","SITE-4","SITE-4-B3",3,102.54,5.59,83.7,111.6
"TOM-042","SITE-4","SITE-4-B3",3,102.31,5.38,58.1,107.9
"TOM-043","SITE-4","SITE-4-B3",3,122.06,4.81,69.4,110.2
"TOM-044","SITE-4","SITE-4-B3",3,80.37,5.58,68.3,109.6
"TOM-045","SITE-4","SITE-4-B3",3,101.58,4.7,63.6,115.1
"TOM-046","SITE-4","SITE-4-B3",3,109.47,4.8,83.6,109.1
"TOM-047","SITE-4","SITE-4-B3",3,93.75,5.61,65.5,111.6
"TOM-048","SITE-4","SITE-4-B3",3,103.98,5.03,81.5,112.6
"TOM-049","SITE-4","SITE-4-B3",3,83.45,5.23,78.8,111.6
"TOM-050","SITE-4","SITE-4-B3",3,114.31,4.83,85.9,119
"TOM-051","SITE-4","SITE-4-B3",3,100.57,5.33,68.9,111
"TOM-052","SITE-4","SITE-4-B3",3,67.17,5.81,77.1,112.1
"TOM-053","SITE-4","SITE-4-B3",3,113.8,4.17,58.2,102.5
"TOM-054","SITE-4","SITE-4-B3",3,109.06,4,77.9,110
"TOM-055","SITE-4","SITE-4-B3",3,106.77,4.54,82.6,109
"TOM-056","SITE-4","SITE-4-B3",3,102.74,4.94,71,104.3
"TOM-057","SITE-4","SITE-4-B3",3,121.66,4.32,63.1,114.2
"TOM-058","SITE-4","SITE-4-B3",3,112.21,5.5,81.7,111.1
"TOM-059","SITE-4","SITE-4-B3",3,71.44,5.07,75.7,113.4
"TOM-060","SITE-4","SITE-4-B3",3,117.02,5.76,72.8,107.9
