"genotype","parent1","parent2","env","block","rep","row","col","yield","brix","firmness","fruit_wt","maturity","shelf_life"
"PLA-044xTOM-0001","PLA-044","TOM-0001","CAHYB-2024-L1","CAHYB-2024-L1-B1",1,8,15,101.67,4.77,44.76,70.27,106.84,20.5
"PLA-015xTOM-0001","PLA-015","TOM-0001","CAHYB-2024-L1","CAHYB-2024-L1-B1",1,2,2,98.66,5.47,41.64,90.68,105.28,17.21
"PLA-014xTOM-0001","PLA-014","TOM-0001","CAHYB-2024-L1","CAHYB-2024-L1-B1",1,5,14,107.67,6.05,42.22,75.44,115.69,17.79
"PLA-048xTOM-0001","PLA-048","TOM-0001","CAHYB-2024-L1","CAHYB-2024-L1-B1",1,8,7,88.51,5.18,41.08,64.89,110.47,17.86
"PLA-043xTOM-0001","PLA-043","TOM-0001","CAHYB-2024-L1","CAHYB-2024-L1-B1",1,11,12,106.69,5.84,45.73,74.41,113.89,16.27
"PLA-053xTOM-0001","PLA-053","TOM-0001","CAHYB-2024-L1","CAHYB-2024-L1-B1",1,13,13,112,5.34,42.02,85.66,114.96,19.71
"PLA-041xTOM-0001","PLA-041","TOM-0001","CAHYB-2024-L1","CAHYB-2024-L1-B1",1,12,7,90.35,5.48,35.26,73.06,105.13,17.15
"PLA-024xTOM-0001","PLA-024","TOM-0001","CAHYB-2024-L1","CAHYB-2024-L1-B1",1,3,2,100.22,4.84,36.94,72.91,114.85,14.58
"PLA-009xTOM-0001","PLA-009","TOM-0001","CAHYB-2024-L1","CAHYB-2024-L1-B1",1,6,12,109.09,5.65,46.51,77.07,112.58,16.58
"PLA-038xTOM-0001","PLA-038","TOM-0001","CAHYB-2024-L1","CAHYB-2024-L1-B1",1,5,5,86.63,5.72,38.42,69.13,111.25,16.43
"PLA-042xTOM-0001","PLA-042","TOM-0001","CAHYB-2024-L1","CAHYB-2024-L1-B1",1,5,12,113.13,6.01,49.52,91.47,112.03,17.95
"PLA-013xTOM-0001","PLA-013","TOM-0001","CAHYB-2024-L1","CAHYB-2024-L1-B1",1,14,12,107.19,6.61,39.84,67.61,109.25,19.09
"PLA-055xTOM-0001","PLA-055","TOM-0001","CAHYB-2024-L1","CAHYB-2024-L1-B1",1,8,1,90.57,4.95,45.72,66.45,108.1,11.57
"PLA-058xTOM-0001","PLA-058","TOM-0001","CAHYB-2024-L1","CAHYB-2024-L1-B1",1,11,9,120.07,5.57,37.92,78.03,109.77,15.84
"PLA-057xTOM-0001","PLA-057","TOM-0001","CAHYB-2024-L1","CAHYB-2024-L1-B1",1,7,4,76.27,5.43,36.26,69.5,107.29,11.86
"PLA-008xTOM-0001","PLA-008","TOM-0001","CAHYB-2024-L1","CAHYB-2024-L1-B1",1,3,13,127.45,5.8,49.81,78.24,117.05,18.2
"PLA-012xTOM-0001","PLA-012","TOM-0001","CAHYB-2024-L1","CAHYB-2024-L1-B1",1,8,2,96.36,5.12,35.15,60.23,108.27,10.7
"PLA-004xTOM-0001","PLA-004","TOM-0001","CAHYB-2024-L1","CAHYB-2024-L1-B1",1,14,9,103.56,5.9,48.08,82.35,116.08,12.76
"PLB-006xTOM-0001","PLB-006","TOM-0001","CAHYB-2024-L1","CAHYB-2024-L1-B1",1,11,2,78.64,4.58,46.2,61.61,105.6,18.84
"PLB-026xTOM-0001","PLB-026","TOM-0001","CAHYB-2024-L1","CAHYB-2024-L1-B1",1,2,5,95.55,4.61,37.34,85.7,111.16,16.97
"PLB-025xTOM-0001","PLB-025","TOM-0001","CAHYB-2024-L1","CAHYB-2024-L1-B1",1,1,6,78.13,5.43,39.75,86.35,112.83,18.64
"PLB-045xTOM-0001","PLB-045","TOM-0001","CAHYB-2024-L1","CAHYB-2024-L1-B1",1,4,10,87.55,5.24,45.32,70.56,119.92,14.49
"PLB-030xTOM-0001","PLB-030","TOM-0001","CAHYB-2024-L1","CAHYB-2024-L1-B1",1,3,8,91.17,5.47,48.86,73.41,113.9,19.19
"PLB-052xTOM-0001","PLB-052","TOM-0001","CAHYB-2024-L1","CAHYB-2024-L1-B1",1,6,8,99.3,5.62,38.85,73.48,110.83,13.61
"PLB-047xTOM-0001","PLB-047","TOM-0001","CAHYB-2024-L1","CAHYB-2024-L1-B1",1,11,8,77.78,5.2,35.52,84.71,109.04,13.69
"PLB-029xTOM-0001","PLB-029","TOM-0001","CAHYB-2024-L1","CAHYB-2024-L1-B1",1,3,6,106.42,5.09,36.66,83.13,105.74,14.83
"PLB-053xTOM-0001","PLB-053","TOM-0001","CAHYB-2024-L1","CAHYB-2024-L1-B1",1,12,1,92.91,5.09,39.8,74.37,111.62,13.92
"PLB-033xTOM-0001","PLB-033","TOM-0001","CAHYB-2024-L1","CAHYB-2024-L1-B1",1,9,2,84.9,5.19,36,67.84,108.74,8.24
"PLB-022xTOM-0001","PLB-022","TOM-0001","CAHYB-2024-L1","CAHYB-2024-L1-B1",1,1,13,101.46,4.9,42.93,79.01,115.57,15.88
"PLB-008xTOM-0001","PLB-008","TOM-0001","CAHYB-2024-L1","CAHYB-2024-L1-B1",1,3,3,80.85,4.19,45.27,89.04,108.87,12.26
"PLB-014xTOM-0001","PLB-014","TOM-0001","CAHYB-2024-L1","CAHYB-2024-L1-B1",1,2,11,84.06,5.6,42.86,71.48,112.2,19.1
"PLB-055xTOM-0001","PLB-055","TOM-0001","CAHYB-2024-L1","CAHYB-2024-L1-B1",1,13,12,97.36,5.93,40.49,77.62,114.42,11.99
"PLB-036xTOM-0001","PLB-036","TOM-0001","CAHYB-2024-L1","CAHYB-2024-L1-B1",1,10,8,91.34,5.4,29.84,65.61,111.34,15.06
"PLB-048xTOM-0001","PLB-048","TOM-0001","CAHYB-2024-L1","CAHYB-2024-L1-B1",1,4,15,91.99,5.77,40.56,91.52,108.95,16.36
"PLB-032xTOM-0001","PLB-032","TOM-0001","CAHYB-2024-L1","CAHYB-2024-L1-B1",1,6,15,94.03,5.87,38.4,79.74,104.24,13.54
"PLB-027xTOM-0001","PLB-027","TOM-0001","CAHYB-2024-L1","CAHYB-2024-L1-B1",1,7,12,98.03,5.88,40.92,81.64,110.03,15.36
"PLA-044xTOM-0002","PLA-044","TOM-0002","CAHYB-2024-L1","CAHYB-2024-L1-B1",1,7,8,99.64,5,47.27,74.34,106.82,14.29
"PLA-015xTOM-0002","PLA-015","TOM-0002","CAHYB-2024-L1","CAHYB-2024-L1-B1",1,5,9,120,5.12,63.13,84.26,111.26,17.33
"PLA-014xTOM-0002","PLA-014","TOM-0002","CAHYB-2024-L1","CAHYB-2024-L1-B1",1,1,15,114.28,5.28,47.87,58.83,114.79,20.28
"PLA-048xTOM-0002","PLA-048","TOM-0002","CAHYB-2024-L1","CAHYB-2024-L1-B1",1,10,13,96.55,5.26,54.13,69.65,109.72,20.19
"PLA-043xTOM-0002","PLA-043","TOM-0002","CAHYB-2024-L1","CAHYB-2024-L1-B1",1,11,1,102.27,5.04,43.03,55.17,109.18,17.15
"PLA-053xTOM-0002","PLA-053","TOM-0002","CAHYB-2024-L1","CAHYB-2024-L1-B1",1,7,11,109.15,5.09,49.47,77.42,113.58,20.34
"PLA-041xTOM-0002","PLA-041","TOM-0002","CAHYB-2024-L1","CAHYB-2024-L1-B1",1,8,14,100.4,4.93,39.94,75.47,105.79,15.77
"PLA-024xTOM-0002","PLA-024","TOM-0002","CAHYB-2024-L1","CAHYB-2024-L1-B1",1,8,13,115,5.74,50.51,80.84,117.72,19
"PLA-009xTOM-0002","PLA-009","TOM-0002","CAHYB-2024-L1","CAHYB-2024-L1-B1",1,13,10,115.58,5.45,46.62,77.24,112.54,17.59
"PLA-038xTOM-0002","PLA-038","TOM-0002","CAHYB-2024-L1","CAHYB-2024-L1-B1",1,7,14,96.25,5.7,51.66,59.34,114.85,17.5
"PLA-042xTOM-0002","PLA-042","TOM-0002","CAHYB-2024-L1","CAHYB-2024-L1-B1",1,4,4,98.07,4.21,46.52,74.41,107.02,14.71
"PLA-013xTOM-0002","PLA-013","TOM-0002","CAHYB-2024-L1","CAHYB-2024-L1-B1",1,13,6,108.19,4.37,41.22,63.85,107.07,17.67
"PLA-055xTOM-0002","PLA-055","TOM-0002","CAHYB-2024-L1","CAHYB-2024-L1-B1",1,5,15,114.56,5.22,38.84,70.14,109.44,11.63
"PLA-058xTOM-0002","PLA-058","TOM-0002","CAHYB-2024-L1","CAHYB-2024-L1-B1",1,1,5,118.66,4.66,35.63,78.45,105.82,19.5
"PLA-057xTOM-0002","PLA-057","TOM-0002","CAHYB-2024-L1","CAHYB-2024-L1-B1",1,10,9,119.59,5.71,44.11,64.82,114.11,17.7
"PLA-008xTOM-0002","PLA-008","TOM-0002","CAHYB-2024-L1","CAHYB-2024-L1-B1",1,2,8,103.29,4.55,45.25,73.16,116.63,15.14
"PLA-012xTOM-0002","PLA-012","TOM-0002","CAHYB-2024-L1","CAHYB-2024-L1-B1",1,1,10,107.92,6.42,44.49,71.77,120.84,13.42
"PLA-004xTOM-0002","PLA-004","TOM-0002","CAHYB-2024-L1","CAHYB-2024-L1-B1",1,14,7,97.62,3.84,41.54,75.73,107.36,15.18
"PLB-006xTOM-0002","PLB-006","TOM-0002","CAHYB-2024-L1","CAHYB-2024-L1-B1",1,5,6,103.11,5.37,39.89,62.16,105.99,17.03
"PLB-026xTOM-0002","PLB-026","TOM-0002","CAHYB-2024-L1","CAHYB-2024-L1-B1",1,13,3,96.76,4.26,42.72,74.67,106.23,11.71
"PLB-025xTOM-0002","PLB-025","TOM-0002","CAHYB-2024-L1","CAHYB-2024-L1-B1",1,3,4,97.53,3.71,40.86,77.62,112.82,15.23
"PLB-045xTOM-0002","PLB-045","TOM-0002","CAHYB-2024-L1","CAHYB-2024-L1-B1",1,9,8,112.23,4.55,37.34,74.84,113.37,14.05
"PLB-030xTOM-0002","PLB-030","TOM-0002","CAHYB-2024-L1","CAHYB-2024-L1-B1",1,4,1,88.92,4.49,42.66,71.55,112.64,14.91
"PLB-052xTOM-0002","PLB-052","TOM-0002","CAHYB-2024-L1","CAHYB-2024-L1-B1",1,13,1,103.82,4.43,46.26,75.75,110.49,19.45
"PLB-047xTOM-0002","PLB-047","TOM-0002","CAHYB-2024-L1","CAHYB-2024-L1-B1",1,1,3,102.07,5.07,34.53,67.04,110.56,14.22
"PLB-029xTOM-0002","PLB-029","TOM-0002","CAHYB-2024-L1","CAHYB-2024-L1-B1",1,9,5,108.47,3.98,37.07,77.75,100.52,15.34
"PLB-053xTOM-0002","PLB-053","TOM-0002","CAHYB-2024-L1","CAHYB-2024-L1-B1",1,9,3,78.39,4.52,48.47,71.42,109.22,15.43
"PLB-033xTOM-0002","PLB-033","TOM-0002","CAHYB-2024-L1","CAHYB-2024-L1-B1",1,14,8,97.83,5.13,40.83,76.64,113.48,14.1
"PLB-022xTOM-0002","PLB-022","TOM-0002","CAHYB-2024-L1","CAHYB-2024-L1-B1",1,14,14,108.1,5.1,45.58,72,110.81,16.22
"PLB-008xTOM-0002","PLB-008","TOM-0002","CAHYB-2024-L1","CAHYB-2024-L1-B1",1,11,14,92.97,4.8,54.96,86.01,111.37,15.52
"PLB-014xTOM-0002","PLB-014","TOM-0002","CAHYB-2024-L1","CAHYB-2024-L1-B1",1,13,5,91.68,4.95,47.25,66.38,110.88,14.98
"PLB-055xTOM-0002","PLB-055","TOM-0002","CAHYB-2024-L1","CAHYB-2024-L1-B1",1,1,7,96.02,4.54,50.56,66.11,108.43,11.68
"PLB-036xTOM-0002","PLB-036","TOM-0002","CAHYB-2024-L1","CAHYB-2024-L1-B1",1,13,15,104.25,5.34,36.33,76.93,112.03,16.66
"PLB-048xTOM-0002","PLB-048","TOM-0002","CAHYB-2024-L1","CAHYB-2024-L1-B1",1,10,3,88.36,3.79,40.9,73.33,103.76,11.88
"PLB-032xTOM-0002","PLB-032","TOM-0002","CAHYB-2024-L1","CAHYB-2024-L1-B1",1,6,7,76.75,4.59,44.81,74.06,107.27,13.36
"PLB-027xTOM-0002","PLB-027","TOM-0002","CAHYB-2024-L1","CAHYB-2024-L1-B1",1,3,9,89.11,4.59,41.4,61,107.71,14.79
"PLA-044xTOM-0003","PLA-044","TOM-0003","CAHYB-2024-L1","CAHYB-2024-L1-B1",1,12,2,104.06,3.84,39.86,66.49,111.8,18.91
"PLA-015xTOM-0003","PLA-015","TOM-0003","CAHYB-2024-L1","CAHYB-2024-L1-B1",1,9,12,121.01,5.8,56.2,90.1,107.19,18.89
"PLA-014xTOM-0003","PLA-014","TOM-0003","CAHYB-2024-L1","CAHYB-2024-L1-B1",1,11,13,110.28,5.32,56.59,75.98,116.93,20.81
"PLA-048xTOM-0003","PLA-048","TOM-0003","CAHYB-2024-L1","CAHYB-2024-L1-B1",1,9,14,103.29,4.91,61.83,85.86,115.84,21.62
"PLA-043xTOM-0003","PLA-043","TOM-0003","CAHYB-2024-L1","CAHYB-2024-L1-B1",1,8,8,88.86,4.79,48,72.2,111.67,20.33
"PLA-053xTOM-0003","PLA-053","TOM-0003","CAHYB-2024-L1","CAHYB-2024-L1-B1",1,12,4,104.08,4.38,46.16,75.74,106.2,16.14
"PLA-041xTOM-0003","PLA-041","TOM-0003","CAHYB-2024-L1","CAHYB-2024-L1-B1",1,8,4,75.77,3.87,42.9,64.83,103,11.8
"PLA-024xTOM-0003","PLA-024","TOM-0003","CAHYB-2024-L1","CAHYB-2024-L1-B1",1,4,7,98.15,4.52,51.06,78.23,113.72,16.13
"PLA-009xTOM-0003","PLA-009","TOM-0003","CAHYB-2024-L1","CAHYB-2024-L1-B1",1,14,15,95.42,4.45,47.98,76.16,118.19,20.95
"PLA-038xTOM-0003","PLA-038","TOM-0003","CAHYB-2024-L1","CAHYB-2024-L1-B1",1,3,7,89.6,4.76,43.89,72.34,118.01,20.16
"PLA-042xTOM-0003","PLA-042","TOM-0003","CAHYB-2024-L1","CAHYB-2024-L1-B1",1,3,5,102.44,4.34,45.42,77.69,109.99,15.09
"PLA-013xTOM-0003","PLA-013","TOM-0003","CAHYB-2024-L1","CAHYB-2024-L1-B1",1,15,5,99.75,4.66,49.01,69.66,113.17,16.99
"PLA-055xTOM-0003","PLA-055","TOM-0003","CAHYB-2024-L1","CAHYB-2024-L1-B1",1,6,9,95.79,4.3,55.93,75.18,112.37,18.05
"PLA-058xTOM-0003","PLA-058","TOM-0003","CAHYB-2024-L1","CAHYB-2024-L1-B1",1,2,3,115.52,4.37,46.28,79.32,112.71,17.29
"PLA-057xTOM-0003","PLA-057","TOM-0003","CAHYB-2024-L1","CAHYB-2024-L1-B1",1,6,13,120.87,4.69,42.24,90.6,115.74,18.9
"PLA-008xTOM-0003","PLA-008","TOM-0003","CAHYB-2024-L1","CAHYB-2024-L1-B1",1,9,10,107.41,4.78,46.7,75.05,118.43,17.42
"PLA-012xTOM-0003","PLA-012","TOM-0003","CAHYB-2024-L1","CAHYB-2024-L1-B1",1,9,4,95.51,4,34.36,62.7,112.02,14.31
"PLA-004xTOM-0003","PLA-004","TOM-0003","CAHYB-2024-L1","CAHYB-2024-L1-B1",1,3,15,101.71,4.93,42.89,81.97,117.22,17.75
"PLB-006xTOM-0003","PLB-006","TOM-0003","CAHYB-2024-L1","CAHYB-2024-L1-B1",1,6,10,87,5.19,57.52,73.16,118.84,19.13
"PLB-026xTOM-0003","PLB-026","TOM-0003","CAHYB-2024-L1","CAHYB-2024-L1-B1",1,2,14,109.05,4.71,56.13,86.94,114.63,17.13
"PLB-025xTOM-0003","PLB-025","TOM-0003","CAHYB-2024-L1","CAHYB-2024-L1-B1",1,12,5,95.12,4.59,43.94,72.38,111.22,16.47
"PLB-045xTOM-0003","PLB-045","TOM-0003","CAHYB-2024-L1","CAHYB-2024-L1-B1",1,4,14,95.55,4.78,52.05,74.12,118.59,16.3
"PLB-030xTOM-0003","PLB-030","TOM-0003","CAHYB-2024-L1","CAHYB-2024-L1-B1",1,11,6,88.68,4.49,49.96,72.44,111.05,12.42
"PLB-052xTOM-0003","PLB-052","TOM-0003","CAHYB-2024-L1","CAHYB-2024-L1-B1",1,9,6,95.85,3.85,35.55,74.79,110.04,13.48
"PLB-047xTOM-0003","PLB-047","TOM-0003","CAHYB-2024-L1","CAHYB-2024-L1-B1",1,4,2,91.44,4.16,49.63,78.75,114.68,14.43
"PLB-029xTOM-0003","PLB-029","TOM-0003","CAHYB-2024-L1","CAHYB-2024-L1-B1",1,10,7,111.44,4.07,35.55,75.9,105.36,15.9
"PLB-053xTOM-0003","PLB-053","TOM-0003","CAHYB-2024-L1","CAHYB-2024-L1-B1",1,10,15,89.48,4.7,48.05,83.22,108.58,18.02
"PLB-033xTOM-0003","PLB-033","TOM-0003","CAHYB-2024-L1","CAHYB-2024-L1-B1",1,2,1,98.82,4.99,42.5,78.49,116.03,16.22
"PLB-022xTOM-0003","PLB-022","TOM-0003","CAHYB-2024-L1","CAHYB-2024-L1-B1",1,1,9,102.23,4.73,41.88,74.68,114.93,18.01
"PLB-008xTOM-0003","PLB-008","TOM-0003","CAHYB-2024-L1","CAHYB-2024-L1-B1",1,4,5,72.61,4.58,43.96,81.86,108.88,15.28
"PLB-014xTOM-0003","PLB-014","TOM-0003","CAHYB-2024-L1","CAHYB-2024-L1-B1",1,7,9,91.9,5,49.75,78.98,115.71,15.89
"PLB-055xTOM-0003","PLB-055","TOM-0003","CAHYB-2024-L1","CAHYB-2024-L1-B1",1,15,6,98.26,5.49,50.55,76.81,115.64,19.49
"PLB-036xTOM-0003","PLB-036","TOM-0003","CAHYB-2024-L1","CAHYB-2024-L1-B1",1,2,10,109.26,4.51,46.16,82.25,117.59,15.81
"PLB-048xTOM-0003","PLB-048","TOM-0003","CAHYB-2024-L1","CAHYB-2024-L1-B1",1,3,1,78.63,4.74,48.9,90.4,107.36,14.83
"PLB-032xTOM-0003","PLB-032","TOM-0003","CAHYB-2024-L1","CAHYB-2024-L1-B1",1,13,4,93.22,4.72,48.39,64.15,110.91,13.59
"PLB-027xTOM-0003","PLB-027","TOM-0003","CAHYB-2024-L1","CAHYB-2024-L1-B1",1,5,7,79.05,4.5,38.58,74.44,109.47,16.81
"PLA-044xTOM-0001","PLA-044","TOM-0001","CAHYB-2024-L1","CAHYB-2024-L1-B2",2,10,4,99.57,4.75,41.6,66.78,107.21,16.62
"PLA-015xTOM-0001","PLA-015","TOM-0001","CAHYB-2024-L1","CAHYB-2024-L1-B2",2,7,10,103.24,5.59,50.83,92.4,112,16.86
"PLA-014xTOM-0001","PLA-014","TOM-0001","CAHYB-2024-L1","CAHYB-2024-L1-B2",2,3,10,91.01,5.82,52.77,76.67,108.25,15.79
"PLA-048xTOM-0001","PLA-048","TOM-0001","CAHYB-2024-L1","CAHYB-2024-L1-B2",2,14,6,99.23,5.22,46.63,74.33,109.04,16.09
"PLA-043xTOM-0001","PLA-043","TOM-0001","CAHYB-2024-L1","CAHYB-2024-L1-B2",2,2,12,99.24,5.59,45.35,78.79,110.72,18.38
"PLA-053xTOM-0001","PLA-053","TOM-0001","CAHYB-2024-L1","CAHYB-2024-L1-B2",2,7,2,89.51,3.85,43.53,75.71,105.41,15.85
"PLA-041xTOM-0001","PLA-041","TOM-0001","CAHYB-2024-L1","CAHYB-2024-L1-B2",2,7,5,86.49,4.49,40.6,70.94,103.81,13
"PLA-024xTOM-0001","PLA-024","TOM-0001","CAHYB-2024-L1","CAHYB-2024-L1-B2",2,3,12,99.23,5.44,59.35,82.96,116.94,15.67
"PLA-009xTOM-0001","PLA-009","TOM-0001","CAHYB-2024-L1","CAHYB-2024-L1-B2",2,1,14,101.14,5.93,44.88,77.7,113.23,19.27
"PLA-038xTOM-0001","PLA-038","TOM-0001","CAHYB-2024-L1","CAHYB-2024-L1-B2",2,6,3,88.75,4.8,42.73,67.93,108.64,19.62
"PLA-042xTOM-0001","PLA-042","TOM-0001","CAHYB-2024-L1","CAHYB-2024-L1-B2",2,12,10,107.49,5.53,46.66,80.52,108.07,16.33
"PLA-013xTOM-0001","PLA-013","TOM-0001","CAHYB-2024-L1","CAHYB-2024-L1-B2",2,8,12,112.51,5.32,39.76,70.42,111.52,20.55
"PLA-055xTOM-0001","PLA-055","TOM-0001","CAHYB-2024-L1","CAHYB-2024-L1-B2",2,14,4,95.25,5.13,42.12,86.3,109.19,12.79
"PLA-058xTOM-0001","PLA-058","TOM-0001","CAHYB-2024-L1","CAHYB-2024-L1-B2",2,3,11,113.63,5.02,40.99,86.37,107.27,18.77
"PLA-057xTOM-0001","PLA-057","TOM-0001","CAHYB-2024-L1","CAHYB-2024-L1-B2",2,5,10,102.88,5.44,45.51,82.74,112.97,19
"PLA-008xTOM-0001","PLA-008","TOM-0001","CAHYB-2024-L1","CAHYB-2024-L1-B2",2,10,2,87.76,5.31,39.35,77.29,113.28,16.21
"PLA-012xTOM-0001","PLA-012","TOM-0001","CAHYB-2024-L1","CAHYB-2024-L1-B2",2,12,9,117.45,5.39,48.03,74.18,108.65,16.16
"PLA-004xTOM-0001","PLA-004","TOM-0001","CAHYB-2024-L1","CAHYB-2024-L1-B2",2,1,2,100.36,5.68,49.07,82.34,116.79,14.08
"PLB-006xTOM-0001","PLB-006","TOM-0001","CAHYB-2024-L1","CAHYB-2024-L1-B2",2,6,11,85.64,5.91,50.9,72.65,113.5,16.05
"PLB-026xTOM-0001","PLB-026","TOM-0001","CAHYB-2024-L1","CAHYB-2024-L1-B2",2,3,14,103.51,4.76,46.01,83.78,111.25,16.36
"PLB-025xTOM-0001","PLB-025","TOM-0001","CAHYB-2024-L1","CAHYB-2024-L1-B2",2,6,1,86.89,4.82,48.24,85.07,110.48,15.28
"PLB-045xTOM-0001","PLB-045","TOM-0001","CAHYB-2024-L1","CAHYB-2024-L1-B2",2,7,7,97.46,4.47,34.06,93.99,112.08,13.53
"PLB-030xTOM-0001","PLB-030","TOM-0001","CAHYB-2024-L1","CAHYB-2024-L1-B2",2,13,8,86.66,5.43,46.72,83.58,111.15,15.22
"PLB-052xTOM-0001","PLB-052","TOM-0001","CAHYB-2024-L1","CAHYB-2024-L1-B2",2,12,14,108.68,5.3,43.91,80.89,116.38,19.02
"PLB-047xTOM-0001","PLB-047","TOM-0001","CAHYB-2024-L1","CAHYB-2024-L1-B2",2,4,11,102.33,4.8,40.77,90.61,112.16,19.12
"PLB-029xTOM-0001","PLB-029","TOM-0001","CAHYB-2024-L1","CAHYB-2024-L1-B2",2,11,11,106.38,5.68,31.16,92.97,103.65,20.51
"PLB-053xTOM-0001","PLB-053","TOM-0001","CAHYB-2024-L1","CAHYB-2024-L1-B2",2,2,7,84.11,5.49,36.26,93.12,105.18,20.39
"PLB-033xTOM-0001","PLB-033","TOM-0001","CAHYB-2024-L1","CAHYB-2024-L1-B2",2,9,1,86.35,4.97,40.85,70.72,107.2,14.22
"PLB-022xTOM-0001","PLB-022","TOM-0001","CAHYB-2024-L1","CAHYB-2024-L1-B2",2,13,14,109.73,5.46,45.84,78.52,118.19,17.44
"PLB-008xTOM-0001","PLB-008","TOM-0001","CAHYB-2024-L1","CAHYB-2024-L1-B2",2,1,8,81.53,5.26,41.71,77.82,108.99,18
"PLB-014xTOM-0001","PLB-014","TOM-0001","CAHYB-2024-L1","CAHYB-2024-L1-B2",2,14,13,86.12,5.47,44.58,82.31,113.46,18.23
"PLB-055xTOM-0001","PLB-055","TOM-0001","CAHYB-2024-L1","CAHYB-2024-L1-B2",2,6,4,80.03,3.71,46.93,63.39,104.99,7.47
"PLB-036xTOM-0001","PLB-036","TOM-0001","CAHYB-2024-L1","CAHYB-2024-L1-B2",2,4,13,100.54,5.48,38.65,68.78,111.31,19.53
"PLB-048xTOM-0001","PLB-048","TOM-0001","CAHYB-2024-L1","CAHYB-2024-L1-B2",2,5,2,78.24,3.36,35.18,72,106.61,10.1
"PLB-032xTOM-0001","PLB-032","TOM-0001","CAHYB-2024-L1","CAHYB-2024-L1-B2",2,12,11,87.96,4.44,38.11,80.02,104.8,15.72
"PLB-027xTOM-0001","PLB-027","TOM-0001","CAHYB-2024-L1","CAHYB-2024-L1-B2",2,14,10,90.77,5.43,41.16,73.77,111.27,16.8
"PLA-044xTOM-0002","PLA-044","TOM-0002","CAHYB-2024-L1","CAHYB-2024-L1-B2",2,14,1,113.48,4.57,51.64,64.82,106.83,14.17
"PLA-015xTOM-0002","PLA-015","TOM-0002","CAHYB-2024-L1","CAHYB-2024-L1-B2",2,6,14,111.64,4.64,51.43,87,106.77,17.3
"PLA-014xTOM-0002","PLA-014","TOM-0002","CAHYB-2024-L1","CAHYB-2024-L1-B2",2,15,4,109.54,4.78,44.39,73.45,106.61,13.39
"PLA-048xTOM-0002","PLA-048","TOM-0002","CAHYB-2024-L1","CAHYB-2024-L1-B2",2,12,13,108.44,5.06,51.56,73.08,109.7,19.13
"PLA-043xTOM-0002","PLA-043","TOM-0002","CAHYB-2024-L1","CAHYB-2024-L1-B2",2,7,1,109.24,5.33,41.57,70.85,108.38,18.55
"PLA-053xTOM-0002","PLA-053","TOM-0002","CAHYB-2024-L1","CAHYB-2024-L1-B2",2,8,5,98.39,3.36,35.27,67.07,102.17,17.19
"PLA-041xTOM-0002","PLA-041","TOM-0002","CAHYB-2024-L1","CAHYB-2024-L1-B2",2,11,5,91.13,4.91,47.05,71.18,100.78,12.98
"PLA-024xTOM-0002","PLA-024","TOM-0002","CAHYB-2024-L1","CAHYB-2024-L1-B2",2,6,5,91.15,4.7,45.91,67.56,110.62,12.71
"PLA-009xTOM-0002","PLA-009","TOM-0002","CAHYB-2024-L1","CAHYB-2024-L1-B2",2,15,3,99.67,5.11,50.56,76.04,109.38,15.3
"PLA-038xTOM-0002","PLA-038","TOM-0002","CAHYB-2024-L1","CAHYB-2024-L1-B2",2,8,3,88.71,4.47,42.19,69.22,107.9,12.44
"PLA-042xTOM-0002","PLA-042","TOM-0002","CAHYB-2024-L1","CAHYB-2024-L1-B2",2,1,12,107.68,5.27,52.46,88.7,106.75,18.13
"PLA-013xTOM-0002","PLA-013","TOM-0002","CAHYB-2024-L1","CAHYB-2024-L1-B2",2,4,12,100.44,5.43,46.37,80.13,111.64,17.93
"PLA-055xTOM-0002","PLA-055","TOM-0002","CAHYB-2024-L1","CAHYB-2024-L1-B2",2,11,15,105.08,4.6,47.69,64.12,110.89,16.04
"PLA-058xTOM-0002","PLA-058","TOM-0002","CAHYB-2024-L1","CAHYB-2024-L1-B2",2,11,4,104.31,3.49,30.14,69.21,102,18.83
"PLA-057xTOM-0002","PLA-057","TOM-0002","CAHYB-2024-L1","CAHYB-2024-L1-B2",2,7,13,106.09,5.54,53.37,85.02,120.81,19.98
"PLA-008xTOM-0002","PLA-008","TOM-0002","CAHYB-2024-L1","CAHYB-2024-L1-B2",2,9,15,111.41,4.7,48.05,78.16,109.52,15.59
"PLA-012xTOM-0002","PLA-012","TOM-0002","CAHYB-2024-L1","CAHYB-2024-L1-B2",2,6,2,87.26,5.16,37.23,66.65,108.76,12.57
"PLA-004xTOM-0002","PLA-004","TOM-0002","CAHYB-2024-L1","CAHYB-2024-L1-B2",2,12,6,96.38,5.41,42.49,74.65,110.8,10.31
"PLB-006xTOM-0002","PLB-006","TOM-0002","CAHYB-2024-L1","CAHYB-2024-L1-B2",2,11,10,105.08,4.92,54.96,65.44,108.81,17.9
"PLB-026xTOM-0002","PLB-026","TOM-0002","CAHYB-2024-L1","CAHYB-2024-L1-B2",2,4,6,83.52,4.78,49.1,72.14,106.28,17.02
"PLB-025xTOM-0002","PLB-025","TOM-0002","CAHYB-2024-L1","CAHYB-2024-L1-B2",2,4,8,93.86,4.68,43.64,64.65,110.44,16.13
"PLB-045xTOM-0002","PLB-045","TOM-0002","CAHYB-2024-L1","CAHYB-2024-L1-B2",2,2,15,105.27,4.54,53.94,81.74,116.01,12.93
"PLB-030xTOM-0002","PLB-030","TOM-0002","CAHYB-2024-L1","CAHYB-2024-L1-B2",2,14,11,110.19,4.88,46.75,81.24,106.03,17.09
"PLB-052xTOM-0002","PLB-052","TOM-0002","CAHYB-2024-L1","CAHYB-2024-L1-B2",2,5,13,108.08,4.98,51.19,76.37,106.7,21.01
"PLB-047xTOM-0002","PLB-047","TOM-0002","CAHYB-2024-L1","CAHYB-2024-L1-B2",2,6,6,99.39,3.87,42.19,70.68,104.88,15.53
"PLB-029xTOM-0002","PLB-029","TOM-0002","CAHYB-2024-L1","CAHYB-2024-L1-B2",2,9,13,106.75,4.5,34.72,94.09,110.65,19.41
"PLB-053xTOM-0002","PLB-053","TOM-0002","CAHYB-2024-L1","CAHYB-2024-L1-B2",2,2,13,96.53,5.01,51.19,78.79,110.29,18.05
"PLB-033xTOM-0002","PLB-033","TOM-0002","CAHYB-2024-L1","CAHYB-2024-L1-B2",2,13,11,103.15,4.25,47.6,73.06,113.7,13.77
"PLB-022xTOM-0002","PLB-022","TOM-0002","CAHYB-2024-L1","CAHYB-2024-L1-B2",2,14,5,92.92,4.19,49.35,69.38,107.98,14.86
"PLB-008xTOM-0002","PLB-008","TOM-0002","CAHYB-2024-L1","CAHYB-2024-L1-B2",2,9,11,105.43,5.06,54.66,80.99,109.62,17.55
"PLB-014xTOM-0002","PLB-014","TOM-0002","CAHYB-2024-L1","CAHYB-2024-L1-B2",2,11,3,85.23,4.55,44.13,66.33,107.3,18.72
"PLB-055xTOM-0002","PLB-055","TOM-0002","CAHYB-2024-L1","CAHYB-2024-L1-B2",2,13,7,90.35,4.57,53.91,70.67,107.49,10.45
"PLB-036xTOM-0002","PLB-036","TOM-0002","CAHYB-2024-L1","CAHYB-2024-L1-B2",2,13,9,87.98,5.07,30.44,71.55,109.51,18.84
"PLB-048xTOM-0002","PLB-048","TOM-0002","CAHYB-2024-L1","CAHYB-2024-L1-B2",2,10,6,78.32,4.51,44.08,71.99,106.71,11.39
"PLB-032xTOM-0002","PLB-032","TOM-0002","CAHYB-2024-L1","CAHYB-2024-L1-B2",2,12,3,87.62,3.42,37.96,82.43,102.71,10.87
"PLB-027xTOM-0002","PLB-027","TOM-0002","CAHYB-2024-L1","CAHYB-2024-L1-B2",2,2,9,101.91,4.25,36.08,70.76,109.14,17.59
"PLA-044xTOM-0003","PLA-044","TOM-0003","CAHYB-2024-L1","CAHYB-2024-L1-B2",2,15,2,105.13,4.68,57.26,84.99,115.34,20.3
"PLA-015xTOM-0003","PLA-015","TOM-0003","CAHYB-2024-L1","CAHYB-2024-L1-B2",2,7,15,113.52,4.37,55.67,88.23,109.87,18.78
"PLA-014xTOM-0003","PLA-014","TOM-0003","CAHYB-2024-L1","CAHYB-2024-L1-B2",2,10,1,101.14,4.39,54.04,77.89,114.03,18.17
"PLA-048xTOM-0003","PLA-048","TOM-0003","CAHYB-2024-L1","CAHYB-2024-L1-B2",2,5,3,101.73,4.21,56.59,65.28,108.28,16.45
"PLA-043xTOM-0003","PLA-043","TOM-0003","CAHYB-2024-L1","CAHYB-2024-L1-B2",2,7,6,95.51,4.07,41.45,68.88,108.28,14.77
"PLA-053xTOM-0003","PLA-053","TOM-0003","CAHYB-2024-L1","CAHYB-2024-L1-B2",2,12,8,108.75,4.25,48.56,79.1,111.17,17.87
"PLA-041xTOM-0003","PLA-041","TOM-0003","CAHYB-2024-L1","CAHYB-2024-L1-B2",2,15,1,108.55,5.22,55.89,71.22,109.67,20.03
"PLA-024xTOM-0003","PLA-024","TOM-0003","CAHYB-2024-L1","CAHYB-2024-L1-B2",2,4,3,103.16,4.14,56.65,83.95,106.71,14.83
"PLA-009xTOM-0003","PLA-009","TOM-0003","CAHYB-2024-L1","CAHYB-2024-L1-B2",2,10,11,110.65,5.36,48.64,86.68,120.44,19.51
"PLA-038xTOM-0003","PLA-038","TOM-0003","CAHYB-2024-L1","CAHYB-2024-L1-B2",2,10,10,108.01,4.32,56.84,73.44,117.34,20.25
"PLA-042xTOM-0003","PLA-042","TOM-0003","CAHYB-2024-L1","CAHYB-2024-L1-B2",2,7,3,95.46,3.88,35.56,75.26,106.34,11.86
"PLA-013xTOM-0003","PLA-013","TOM-0003","CAHYB-2024-L1","CAHYB-2024-L1-B2",2,5,1,111.24,4.26,43,74.63,112.82,14.33
"PLA-055xTOM-0003","PLA-055","TOM-0003","CAHYB-2024-L1","CAHYB-2024-L1-B2",2,8,9,110.51,4.18,51.49,77.05,113.7,12.2
"PLA-058xTOM-0003","PLA-058","TOM-0003","CAHYB-2024-L1","CAHYB-2024-L1-B2",2,5,4,111.86,3.74,44.42,77.84,106.55,19.27
"PLA-057xTOM-0003","PLA-057","TOM-0003","CAHYB-2024-L1","CAHYB-2024-L1-B2",2,8,6,89.77,4.03,44.75,65.35,112.53,13.33
"PLA-008xTOM-0003","PLA-008","TOM-0003","CAHYB-2024-L1","CAHYB-2024-L1-B2",2,13,2,103.16,4.32,60.02,80.2,115.68,19.2
"PLA-012xTOM-0003","PLA-012","TOM-0003","CAHYB-2024-L1","CAHYB-2024-L1-B2",2,9,7,85.46,4.47,43.05,70.65,115.66,13.3
"PLA-004xTOM-0003","PLA-004","TOM-0003","CAHYB-2024-L1","CAHYB-2024-L1-B2",2,1,1,110.36,4.64,51.75,76.23,112.19,15.7
"PLB-006xTOM-0003","PLB-006","TOM-0003","CAHYB-2024-L1","CAHYB-2024-L1-B2",2,12,15,86.41,5.31,62.27,70.77,118.87,18.2
"PLB-026xTOM-0003","PLB-026","TOM-0003","CAHYB-2024-L1","CAHYB-2024-L1-B2",2,2,4,98.93,4.14,51.72,81.21,116.72,13.65
"PLB-025xTOM-0003","PLB-025","TOM-0003","CAHYB-2024-L1","CAHYB-2024-L1-B2",2,5,8,95.22,4.48,54.66,84.59,114.02,15.93
"PLB-045xTOM-0003","PLB-045","TOM-0003","CAHYB-2024-L1","CAHYB-2024-L1-B2",2,8,11,103.21,5.07,56.38,82.24,120.02,17.37
"PLB-030xTOM-0003","PLB-030","TOM-0003","CAHYB-2024-L1","CAHYB-2024-L1-B2",2,11,7,86.8,4.39,55.66,73.42,107.59,14.08
"PLB-052xTOM-0003","PLB-052","TOM-0003","CAHYB-2024-L1","CAHYB-2024-L1-B2",2,4,9,101.51,3.94,51.27,83.11,116.39,18.37
"PLB-047xTOM-0003","PLB-047","TOM-0003","CAHYB-2024-L1","CAHYB-2024-L1-B2",2,10,12,108.55,5.43,47.18,92.21,114.31,20.17
"PLB-029xTOM-0003","PLB-029","TOM-0003","CAHYB-2024-L1","CAHYB-2024-L1-B2",2,14,3,99.03,4.41,44.44,87,104.76,19.69
"PLB-053xTOM-0003","PLB-053","TOM-0003","CAHYB-2024-L1","CAHYB-2024-L1-B2",2,5,11,84.37,4.77,49.02,80.75,110.95,22.02
"PLB-033xTOM-0003","PLB-033","TOM-0003","CAHYB-2024-L1","CAHYB-2024-L1-B2",2,10,5,90.22,3.94,46.7,70.72,109.29,15.32
"PLB-022xTOM-0003","PLB-022","TOM-0003","CAHYB-2024-L1","CAHYB-2024-L1-B2",2,2,6,104.2,4.21,47.33,84.49,111.06,15.87
"PLB-008xTOM-0003","PLB-008","TOM-0003","CAHYB-2024-L1","CAHYB-2024-L1-B2",2,14,2,95.92,4.53,47.07,86.04,114.09,16
"PLB-014xTOM-0003","PLB-014","TOM-0003","CAHYB-2024-L1","CAHYB-2024-L1-B2",2,1,11,106.18,5.48,49.22,83.35,112.97,19.09
"PLB-055xTOM-0003","PLB-055","TOM-0003","CAHYB-2024-L1","CAHYB-2024-L1-B2",2,8,10,92.53,4.07,55.22,78.47,115.68,15.86
"PLB-036xTOM-0003","PLB-036","TOM-0003","CAHYB-2024-L1","CAHYB-2024-L1-B2",2,9,9,93.29,4.43,34.26,71.99,114.74,20.11
"PLB-048xTOM-0003","PLB-048","TOM-0003","CAHYB-2024-L1","CAHYB-2024-L1-B2",2,1,4,91.31,4.62,47.31,81.93,105.82,15.37
"PLB-032xTOM-0003","PLB-032","TOM-0003","CAHYB-2024-L1","CAHYB-2024-L1-B2",2,10,14,81.01,5.29,45.96,86.48,111.75,13.6
"PLB-027xTOM-0003","PLB-027","TOM-0003","CAHYB-2024-L1","CAHYB-2024-L1-B2",2,12,12,92.32,4.74,39.42,74.89,114.68,20.5
"PLA-044xTOM-0001","PLA-044","TOM-0001","CAHYB-2024-L2","CAHYB-2024-L2-B1",1,9,13,96.57,6.69,41.22,79.55,109.34,20.28
"PLA-015xTOM-0001","PLA-015","TOM-0001","CAHYB-2024-L2","CAHYB-2024-L2-B1",1,6,9,94.67,5.65,40.91,91.29,101.89,16.78
"PLA-014xTOM-0001","PLA-014","TOM-0001","CAHYB-2024-L2","CAHYB-2024-L2-B1",1,4,11,95.45,7.41,30.24,88.55,106.62,16.92
"PLA-048xTOM-0001","PLA-048","TOM-0001","CAHYB-2024-L2","CAHYB-2024-L2-B1",1,11,4,62.65,6.78,37.61,68.91,102.67,16.37
"PLA-043xTOM-0001","PLA-043","TOM-0001","CAHYB-2024-L2","CAHYB-2024-L2-B1",1,14,1,78.98,6.45,35.19,75.14,103.6,19.25
"PLA-053xTOM-0001","PLA-053","TOM-0001","CAHYB-2024-L2","CAHYB-2024-L2-B1",1,11,7,79.82,5.7,33.51,76.26,103.79,13.96
"PLA-041xTOM-0001","PLA-041","TOM-0001","CAHYB-2024-L2","CAHYB-2024-L2-B1",1,13,1,72.84,6.94,42.3,83,103.53,15.38
"PLA-024xTOM-0001","PLA-024","TOM-0001","CAHYB-2024-L2","CAHYB-2024-L2-B1",1,4,4,65.71,6.12,36.43,80.72,102.06,14.03
"PLA-009xTOM-0001","PLA-009","TOM-0001","CAHYB-2024-L2","CAHYB-2024-L2-B1",1,12,13,82.68,6.89,41.05,85.51,111.05,16.6
"PLA-038xTOM-0001","PLA-038","TOM-0001","CAHYB-2024-L2","CAHYB-2024-L2-B1",1,6,5,72.43,5.13,33.43,72.57,103.75,12.49
"PLA-042xTOM-0001","PLA-042","TOM-0001","CAHYB-2024-L2","CAHYB-2024-L2-B1",1,4,8,99.23,5.9,33.02,78.77,104.92,13.49
"PLA-013xTOM-0001","PLA-013","TOM-0001","CAHYB-2024-L2","CAHYB-2024-L2-B1",1,8,10,98.69,6.61,28.68,86.88,108.69,18
"PLA-055xTOM-0001","PLA-055","TOM-0001","CAHYB-2024-L2","CAHYB-2024-L2-B1",1,11,15,92.32,5.81,38.63,88.94,109.23,16.73
"PLA-058xTOM-0001","PLA-058","TOM-0001","CAHYB-2024-L2","CAHYB-2024-L2-B1",1,3,14,109.75,6.02,29.42,87.95,99.24,19.49
"PLA-057xTOM-0001","PLA-057","TOM-0001","CAHYB-2024-L2","CAHYB-2024-L2-B1",1,9,1,77.48,6.2,29.71,76.08,105.14,11.59
"PLA-008xTOM-0001","PLA-008","TOM-0001","CAHYB-2024-L2","CAHYB-2024-L2-B1",1,7,12,97.01,6.84,42.18,79.42,112.88,13.48
"PLA-012xTOM-0001","PLA-012","TOM-0001","CAHYB-2024-L2","CAHYB-2024-L2-B1",1,6,8,81.32,6.04,33.6,67.86,107.88,13.17
"PLA-004xTOM-0001","PLA-004","TOM-0001","CAHYB-2024-L2","CAHYB-2024-L2-B1",1,10,1,86.54,6.72,30.7,80.65,108.78,12.59
"PLB-006xTOM-0001","PLB-006","TOM-0001","CAHYB-2024-L2","CAHYB-2024-L2-B1",1,14,4,69.53,6.37,38.11,70.52,102.16,14.11
"PLB-026xTOM-0001","PLB-026","TOM-0001","CAHYB-2024-L2","CAHYB-2024-L2-B1",1,12,7,81.55,5.89,38.31,85.83,103.34,14.34
"PLB-025xTOM-0001","PLB-025","TOM-0001","CAHYB-2024-L2","CAHYB-2024-L2-B1",1,3,9,76.4,6.4,34.55,87.18,109.48,18.15
"PLB-045xTOM-0001","PLB-045","TOM-0001","CAHYB-2024-L2","CAHYB-2024-L2-B1",1,11,9,86.71,6.43,23.84,76.31,108.9,15.06
"PLB-030xTOM-0001","PLB-030","TOM-0001","CAHYB-2024-L2","CAHYB-2024-L2-B1",1,9,10,71.67,5.89,45.91,74.76,104.72,14
"PLB-052xTOM-0001","PLB-052","TOM-0001","CAHYB-2024-L2","CAHYB-2024-L2-B1",1,5,13,91.96,7.17,36.68,87.99,108.71,20.18
"PLB-047xTOM-0001","PLB-047","TOM-0001","CAHYB-2024-L2","CAHYB-2024-L2-B1",1,10,14,89.25,6.47,41.37,95.7,107.68,15.39
"PLB-029xTOM-0001","PLB-029","TOM-0001","CAHYB-2024-L2","CAHYB-2024-L2-B1",1,10,2,85.57,5.73,35.87,90.98,95.31,13.7
"PLB-053xTOM-0001","PLB-053","TOM-0001","CAHYB-2024-L2","CAHYB-2024-L2-B1",1,11,1,68.88,5.67,33.35,75.83,104.36,16.57
"PLB-033xTOM-0001","PLB-033","TOM-0001","CAHYB-2024-L2","CAHYB-2024-L2-B1",1,3,1,75.79,6.05,29.15,80.84,105.77,11.91
"PLB-022xTOM-0001","PLB-022","TOM-0001","CAHYB-2024-L2","CAHYB-2024-L2-B1",1,2,5,73.69,5.44,30.15,76.14,108.86,14.22
"PLB-008xTOM-0001","PLB-008","TOM-0001","CAHYB-2024-L2","CAHYB-2024-L2-B1",1,8,11,81.53,6.54,43.57,91.64,108.14,18.25
"PLB-014xTOM-0001","PLB-014","TOM-0001","CAHYB-2024-L2","CAHYB-2024-L2-B1",1,11,11,79.29,6.3,37.66,79.79,104.19,17.38
"PLB-055xTOM-0001","PLB-055","TOM-0001","CAHYB-2024-L2","CAHYB-2024-L2-B1",1,15,2,74.55,6.13,34.48,81.2,108.05,16.64
"PLB-036xTOM-0001","PLB-036","TOM-0001","CAHYB-2024-L2","CAHYB-2024-L2-B1",1,1,7,79.99,7.23,32.18,77.55,104.84,18.14
"PLB-048xTOM-0001","PLB-048","TOM-0001","CAHYB-2024-L2","CAHYB-2024-L2-B1",1,3,13,68.85,5.9,33.35,97.58,105.31,19.08
"PLB-032xTOM-0001","PLB-032","TOM-0001","CAHYB-2024-L2","CAHYB-2024-L2-B1",1,3,6,69.78,4.92,23.26,78.75,96.63,12.29
"PLB-027xTOM-0001","PLB-027","TOM-0001","CAHYB-2024-L2","CAHYB-2024-L2-B1",1,7,11,76.62,6.85,28.34,90,107.64,17.85
"PLA-044xTOM-0002","PLA-044","TOM-0002","CAHYB-2024-L2","CAHYB-2024-L2-B1",1,9,8,95.15,6.03,36.92,67.63,103.12,16.82
"PLA-015xTOM-0002","PLA-015","TOM-0002","CAHYB-2024-L2","CAHYB-2024-L2-B1",1,9,4,91.15,5.44,38.63,67.56,100.2,14.28
"PLA-014xTOM-0002","PLA-014","TOM-0002","CAHYB-2024-L2","CAHYB-2024-L2-B1",1,12,8,103.61,5.37,35.51,68.91,103.62,17.04
"PLA-048xTOM-0002","PLA-048","TOM-0002","CAHYB-2024-L2","CAHYB-2024-L2-B1",1,14,11,85.31,6.25,46.28,75.98,101.52,18.79
"PLA-043xTOM-0002","PLA-043","TOM-0002","CAHYB-2024-L2","CAHYB-2024-L2-B1",1,2,11,103.45,6.46,36.15,74.04,102.96,20.32
"PLA-053xTOM-0002","PLA-053","TOM-0002","CAHYB-2024-L2","CAHYB-2024-L2-B1",1,8,15,102.91,6.5,41.51,81.83,106.47,21.95
"PLA-041xTOM-0002","PLA-041","TOM-0002","CAHYB-2024-L2","CAHYB-2024-L2-B1",1,11,14,95.21,7.05,51.26,82.12,103.13,17.97
"PLA-024xTOM-0002","PLA-024","TOM-0002","CAHYB-2024-L2","CAHYB-2024-L2-B1",1,9,7,98.32,5.97,39.38,68.52,105.22,13.94
"PLA-009xTOM-0002","PLA-009","TOM-0002","CAHYB-2024-L2","CAHYB-2024-L2-B1",1,13,15,104.25,6.2,43.18,84.26,109.35,20.15
"PLA-038xTOM-0002","PLA-038","TOM-0002","CAHYB-2024-L2","CAHYB-2024-L2-B1",1,12,3,85.43,5.93,36.83,60.81,104.09,13.14
"PLA-042xTOM-0002","PLA-042","TOM-0002","CAHYB-2024-L2","CAHYB-2024-L2-B1",1,11,10,109.79,5.75,38.86,84.26,106.01,16.65
"PLA-013xTOM-0002","PLA-013","TOM-0002","CAHYB-2024-L2","CAHYB-2024-L2-B1",1,1,8,93.58,5.93,22.56,67.67,103.88,15.64
"PLA-055xTOM-0002","PLA-055","TOM-0002","CAHYB-2024-L2","CAHYB-2024-L2-B1",1,9,12,105,6.55,47.84,79.86,105.86,17.24
"PLA-058xTOM-0002","PLA-058","TOM-0002","CAHYB-2024-L2","CAHYB-2024-L2-B1",1,11,8,92.16,5.18,29.81,79.31,95.57,18.24
"PLA-057xTOM-0002","PLA-057","TOM-0002","CAHYB-2024-L2","CAHYB-2024-L2-B1",1,1,4,97.87,5.34,39.26,85.68,111.29,15.75
"PLA-008xTOM-0002","PLA-008","TOM-0002","CAHYB-2024-L2","CAHYB-2024-L2-B1",1,4,3,76.47,4.99,36.35,76.88,103.41,14.67
"PLA-012xTOM-0002","PLA-012","TOM-0002","CAHYB-2024-L2","CAHYB-2024-L2-B1",1,6,10,98.43,6.73,36.52,75.69,110.22,17.6
"PLA-004xTOM-0002","PLA-004","TOM-0002","CAHYB-2024-L2","CAHYB-2024-L2-B1",1,9,6,79.45,5.75,38.42,73.33,98.62,12.32
"PLB-006xTOM-0002","PLB-006","TOM-0002","CAHYB-2024-L2","CAHYB-2024-L2-B1",1,4,5,62.76,5.5,43.35,63.7,101.34,17.73
"PLB-026xTOM-0002","PLB-026","TOM-0002","CAHYB-2024-L2","CAHYB-2024-L2-B1",1,11,2,69.71,4.74,41.21,81.44,108.3,13.95
"PLB-025xTOM-0002","PLB-025","TOM-0002","CAHYB-2024-L2","CAHYB-2024-L2-B1",1,1,6,80.01,5.76,46.29,87.74,105.35,15.43
"PLB-045xTOM-0002","PLB-045","TOM-0002","CAHYB-2024-L2","CAHYB-2024-L2-B1",1,15,6,80.97,5.5,39.69,68.33,103.42,15.62
"PLB-030xTOM-0002","PLB-030","TOM-0002","CAHYB-2024-L2","CAHYB-2024-L2-B1",1,6,6,69.77,5.52,37.44,74.88,104.76,17.45
"PLB-052xTOM-0002","PLB-052","TOM-0002","CAHYB-2024-L2","CAHYB-2024-L2-B1",1,8,9,88.92,5.02,39.83,76.09,107.36,16.66
"PLB-047xTOM-0002","PLB-047","TOM-0002","CAHYB-2024-L2","CAHYB-2024-L2-B1",1,11,3,76.98,5.31,26.08,79.4,106.93,12.37
"PLB-029xTOM-0002","PLB-029","TOM-0002","CAHYB-2024-L2","CAHYB-2024-L2-B1",1,1,12,103.9,5.25,42.78,85.27,100.86,16.5
"PLB-053xTOM-0002","PLB-053","TOM-0002","CAHYB-2024-L2","CAHYB-2024-L2-B1",1,2,9,72.06,6.21,40.28,78.68,104.35,14.5
"PLB-033xTOM-0002","PLB-033","TOM-0002","CAHYB-2024-L2","CAHYB-2024-L2-B1",1,1,13,95.71,5.96,45.24,75.03,104.28,11.14
"PLB-022xTOM-0002","PLB-022","TOM-0002","CAHYB-2024-L2","CAHYB-2024-L2-B1",1,3,4,83.8,5.32,35.65,72.65,103,15.21
"PLB-008xTOM-0002","PLB-008","TOM-0002","CAHYB-2024-L2","CAHYB-2024-L2-B1",1,10,9,82.03,5.98,43.9,79.38,106.09,14.63
"PLB-014xTOM-0002","PLB-014","TOM-0002","CAHYB-2024-L2","CAHYB-2024-L2-B1",1,9,9,70.69,5.99,40.63,68.17,106.41,16.84
"PLB-055xTOM-0002","PLB-055","TOM-0002","CAHYB-2024-L2","CAHYB-2024-L2-B1",1,11,13,82.47,5.84,42.23,81.82,111.12,17.23
"PLB-036xTOM-0002","PLB-036","TOM-0002","CAHYB-2024-L2","CAHYB-2024-L2-B1",1,11,12,92.91,6.29,30.22,68.24,112.24,20.85
"PLB-048xTOM-0002","PLB-048","TOM-0002","CAHYB-2024-L2","CAHYB-2024-L2-B1",1,12,2,83.86,5.94,34.22,78.66,100.48,15.04
"PLB-032xTOM-0002","PLB-032","TOM-0002","CAHYB-2024-L2","CAHYB-2024-L2-B1",1,6,4,63.39,5.36,29.96,72.57,99.64,8.38
"PLB-027xTOM-0002","PLB-027","TOM-0002","CAHYB-2024-L2","CAHYB-2024-L2-B1",1,14,6,79.22,5.68,34.36,67.52,106.53,16.65
"PLA-044xTOM-0003","PLA-044","TOM-0003","CAHYB-2024-L2","CAHYB-2024-L2-B1",1,10,11,106.7,6.09,40.7,77.94,105.65,22.43
"PLA-015xTOM-0003","PLA-015","TOM-0003","CAHYB-2024-L2","CAHYB-2024-L2-B1",1,7,10,95.06,5.72,49.66,99.23,107.77,17.49
"PLA-014xTOM-0003","PLA-014","TOM-0003","CAHYB-2024-L2","CAHYB-2024-L2-B1",1,15,4,88.95,6,47.04,72.44,110.5,16.49
"PLA-048xTOM-0003","PLA-048","TOM-0003","CAHYB-2024-L2","CAHYB-2024-L2-B1",1,3,15,102.47,6.74,51.93,77.03,108.67,19.22
"PLA-043xTOM-0003","PLA-043","TOM-0003","CAHYB-2024-L2","CAHYB-2024-L2-B1",1,1,2,108.41,6.11,35.6,85.59,105.56,19.32
"PLA-053xTOM-0003","PLA-053","TOM-0003","CAHYB-2024-L2","CAHYB-2024-L2-B1",1,8,3,81.48,5.58,38.89,73.53,102.89,14.98
"PLA-041xTOM-0003","PLA-041","TOM-0003","CAHYB-2024-L2","CAHYB-2024-L2-B1",1,1,5,87.9,5.69,42.09,73.19,102.44,15.51
"PLA-024xTOM-0003","PLA-024","TOM-0003","CAHYB-2024-L2","CAHYB-2024-L2-B1",1,8,1,93.31,6.08,50.67,86.91,110.25,17.48
"PLA-009xTOM-0003","PLA-009","TOM-0003","CAHYB-2024-L2","CAHYB-2024-L2-B1",1,11,5,86.05,5.59,42.51,79.77,105.16,19.06
"PLA-038xTOM-0003","PLA-038","TOM-0003","CAHYB-2024-L2","CAHYB-2024-L2-B1",1,3,12,92.33,5.79,51.29,67.75,110.16,18.83
"PLA-042xTOM-0003","PLA-042","TOM-0003","CAHYB-2024-L2","CAHYB-2024-L2-B1",1,5,15,91.15,5.21,38.67,85.68,107.94,20.45
"PLA-013xTOM-0003","PLA-013","TOM-0003","CAHYB-2024-L2","CAHYB-2024-L2-B1",1,8,7,87.62,5.54,39.01,62.91,106.16,17.06
"PLA-055xTOM-0003","PLA-055","TOM-0003","CAHYB-2024-L2","CAHYB-2024-L2-B1",1,7,5,97.17,4.81,33.19,77.05,101.47,13.74
"PLA-058xTOM-0003","PLA-058","TOM-0003","CAHYB-2024-L2","CAHYB-2024-L2-B1",1,13,3,81.43,5.52,36.34,72.59,100.69,17.75
"PLA-057xTOM-0003","PLA-057","TOM-0003","CAHYB-2024-L2","CAHYB-2024-L2-B1",1,3,7,89.06,5.89,39.09,75.03,107.71,13.61
"PLA-008xTOM-0003","PLA-008","TOM-0003","CAHYB-2024-L2","CAHYB-2024-L2-B1",1,13,12,89.52,5.66,40.82,84.35,111.83,22.34
"PLA-012xTOM-0003","PLA-012","TOM-0003","CAHYB-2024-L2","CAHYB-2024-L2-B1",1,6,7,86.32,5.7,43.3,78.91,110.37,16.22
"PLA-004xTOM-0003","PLA-004","TOM-0003","CAHYB-2024-L2","CAHYB-2024-L2-B1",1,4,12,108.78,5.89,42.4,79.12,114.29,14.38
"PLB-006xTOM-0003","PLB-006","TOM-0003","CAHYB-2024-L2","CAHYB-2024-L2-B1",1,9,3,71.31,5.21,39.12,65.03,107.75,15.87
"PLB-026xTOM-0003","PLB-026","TOM-0003","CAHYB-2024-L2","CAHYB-2024-L2-B1",1,13,13,98.76,6.28,47.59,86.27,105.84,16.56
"PLB-025xTOM-0003","PLB-025","TOM-0003","CAHYB-2024-L2","CAHYB-2024-L2-B1",1,10,3,74.71,5.72,46.37,81.25,101.98,13.78
"PLB-045xTOM-0003","PLB-045","TOM-0003","CAHYB-2024-L2","CAHYB-2024-L2-B1",1,6,12,93.12,6,44.65,95.72,116.76,17.88
"PLB-030xTOM-0003","PLB-030","TOM-0003","CAHYB-2024-L2","CAHYB-2024-L2-B1",1,4,7,73.24,5.66,51.34,70.14,103.57,12.44
"PLB-052xTOM-0003","PLB-052","TOM-0003","CAHYB-2024-L2","CAHYB-2024-L2-B1",1,7,14,96.4,5.63,46.09,91.54,112.19,21.72
"PLB-047xTOM-0003","PLB-047","TOM-0003","CAHYB-2024-L2","CAHYB-2024-L2-B1",1,2,15,86.8,6.17,36.04,93.71,108.81,17.74
"PLB-029xTOM-0003","PLB-029","TOM-0003","CAHYB-2024-L2","CAHYB-2024-L2-B1",1,12,4,81.76,5,31.94,92.14,101.46,14.26
"PLB-053xTOM-0003","PLB-053","TOM-0003","CAHYB-2024-L2","CAHYB-2024-L2-B1",1,9,11,90.85,6.09,43.1,94.67,110.06,19.77
"PLB-033xTOM-0003","PLB-033","TOM-0003","CAHYB-2024-L2","CAHYB-2024-L2-B1",1,3,11,93.06,5.76,27.32,84.47,107.83,14.61
"PLB-022xTOM-0003","PLB-022","TOM-0003","CAHYB-2024-L2","CAHYB-2024-L2-B1",1,13,10,95.39,5.88,41.25,85.85,111.59,19.12
"PLB-008xTOM-0003","PLB-008","TOM-0003","CAHYB-2024-L2","CAHYB-2024-L2-B1",1,14,13,97.75,5.86,46.99,92.79,108.48,18.78
"PLB-014xTOM-0003","PLB-014","TOM-0003","CAHYB-2024-L2","CAHYB-2024-L2-B1",1,8,6,57.79,5.25,39.86,75.83,105.56,14.78
"PLB-055xTOM-0003","PLB-055","TOM-0003","CAHYB-2024-L2","CAHYB-2024-L2-B1",1,6,11,74.64,6.02,48.65,90.64,108.53,16.94
"PLB-036xTOM-0003","PLB-036","TOM-0003","CAHYB-2024-L2","CAHYB-2024-L2-B1",1,10,12,99.8,6.05,36.8,83.63,111.66,20.15
"PLB-048xTOM-0003","PLB-048","TOM-0003","CAHYB-2024-L2","CAHYB-2024-L2-B1",1,5,14,97.19,5.94,50.15,90.91,103.12,19.68
"PLB-032xTOM-0003","PLB-032","TOM-0003","CAHYB-2024-L2","CAHYB-2024-L2-B1",1,4,15,79.66,5.84,43.53,83.43,110.64,15.63
"PLB-027xTOM-0003","PLB-027","TOM-0003","CAHYB-2024-L2","CAHYB-2024-L2-B1",1,8,14,83.11,6.16,34.99,82.11,112.76,18.49
"PLA-044xTOM-0001","PLA-044","TOM-0001","CAHYB-2024-L2","CAHYB-2024-L2-B2",2,1,3,89.98,6.51,37.76,69.7,101.89,17.69
"PLA-015xTOM-0001","PLA-015","TOM-0001","CAHYB-2024-L2","CAHYB-2024-L2-B2",2,9,15,89.64,6.91,46.16,88,109.57,16.53
"PLA-014xTOM-0001","PLA-014","TOM-0001","CAHYB-2024-L2","CAHYB-2024-L2-B2",2,14,2,85.64,6.88,44.03,73.48,106,17.15
"PLA-048xTOM-0001","PLA-048","TOM-0001","CAHYB-2024-L2","CAHYB-2024-L2-B2",2,9,2,80.56,5.57,42.44,71.41,103.14,15.86
"PLA-043xTOM-0001","PLA-043","TOM-0001","CAHYB-2024-L2","CAHYB-2024-L2-B2",2,6,14,92.72,6.62,35.24,81.77,110.56,21.97
"PLA-053xTOM-0001","PLA-053","TOM-0001","CAHYB-2024-L2","CAHYB-2024-L2-B2",2,4,6,85.51,5.87,31.77,79.2,102.55,16.52
"PLA-041xTOM-0001","PLA-041","TOM-0001","CAHYB-2024-L2","CAHYB-2024-L2-B2",2,6,3,69.56,6.12,33,71.67,101.99,15.38
"PLA-024xTOM-0001","PLA-024","TOM-0001","CAHYB-2024-L2","CAHYB-2024-L2-B2",2,7,15,96.94,6.94,42.1,88.56,113.1,17.83
"PLA-009xTOM-0001","PLA-009","TOM-0001","CAHYB-2024-L2","CAHYB-2024-L2-B2",2,10,8,88.84,5.94,32.78,71.19,109.02,15.48
"PLA-038xTOM-0001","PLA-038","TOM-0001","CAHYB-2024-L2","CAHYB-2024-L2-B2",2,8,2,74.48,6.31,40.29,58.94,106.9,16.02
"PLA-042xTOM-0001","PLA-042","TOM-0001","CAHYB-2024-L2","CAHYB-2024-L2-B2",2,10,10,106.61,7.15,42.2,82.26,107.39,17.6
"PLA-013xTOM-0001","PLA-013","TOM-0001","CAHYB-2024-L2","CAHYB-2024-L2-B2",2,2,8,79.5,6.35,32.1,70.34,104.32,15.73
"PLA-055xTOM-0001","PLA-055","TOM-0001","CAHYB-2024-L2","CAHYB-2024-L2-B2",2,12,12,94.14,6.3,52.25,79.99,107.82,16.42
"PLA-058xTOM-0001","PLA-058","TOM-0001","CAHYB-2024-L2","CAHYB-2024-L2-B2",2,7,6,89.3,5.39,31.53,82.28,99.2,12.09
"PLA-057xTOM-0001","PLA-057","TOM-0001","CAHYB-2024-L2","CAHYB-2024-L2-B2",2,3,5,85.04,6.36,27.9,77.35,102.23,14.49
"PLA-008xTOM-0001","PLA-008","TOM-0001","CAHYB-2024-L2","CAHYB-2024-L2-B2",2,14,12,98.37,7.09,45.94,75.49,110.92,15.31
"PLA-012xTOM-0001","PLA-012","TOM-0001","CAHYB-2024-L2","CAHYB-2024-L2-B2",2,2,10,88.67,7.1,31.07,70.04,108.88,14.31
"PLA-004xTOM-0001","PLA-004","TOM-0001","CAHYB-2024-L2","CAHYB-2024-L2-B2",2,14,14,87.71,6.92,44.16,81.03,113.67,15.05
"PLB-006xTOM-0001","PLB-006","TOM-0001","CAHYB-2024-L2","CAHYB-2024-L2-B2",2,14,8,82.18,6.86,40.32,65.11,104.19,16.38
"PLB-026xTOM-0001","PLB-026","TOM-0001","CAHYB-2024-L2","CAHYB-2024-L2-B2",2,1,14,86.64,7.31,37.75,81.52,104.04,17.43
"PLB-025xTOM-0001","PLB-025","TOM-0001","CAHYB-2024-L2","CAHYB-2024-L2-B2",2,7,8,79.64,5.92,40.93,78.93,104.04,15.65
"PLB-045xTOM-0001","PLB-045","TOM-0001","CAHYB-2024-L2","CAHYB-2024-L2-B2",2,2,13,91.78,6.33,38.14,77.2,110.75,16.46
"PLB-030xTOM-0001","PLB-030","TOM-0001","CAHYB-2024-L2","CAHYB-2024-L2-B2",2,13,8,73.36,5.92,37.09,80.28,103.58,12.79
"PLB-052xTOM-0001","PLB-052","TOM-0001","CAHYB-2024-L2","CAHYB-2024-L2-B2",2,15,1,77.59,7.11,33.39,75.73,109.16,18.44
"PLB-047xTOM-0001","PLB-047","TOM-0001","CAHYB-2024-L2","CAHYB-2024-L2-B2",2,12,1,89.84,5.85,36.98,94.34,110.17,13.86
"PLB-029xTOM-0001","PLB-029","TOM-0001","CAHYB-2024-L2","CAHYB-2024-L2-B2",2,7,7,84.45,5.86,23.74,86.31,98.57,14.62
"PLB-053xTOM-0001","PLB-053","TOM-0001","CAHYB-2024-L2","CAHYB-2024-L2-B2",2,2,12,73.68,7.24,41.99,84.19,104.31,16.66
"PLB-033xTOM-0001","PLB-033","TOM-0001","CAHYB-2024-L2","CAHYB-2024-L2-B2",2,5,1,87.6,6.73,33.71,73.92,105.46,13.83
"PLB-022xTOM-0001","PLB-022","TOM-0001","CAHYB-2024-L2","CAHYB-2024-L2-B2",2,8,4,67.71,6.11,33.08,67.07,103.32,12.15
"PLB-008xTOM-0001","PLB-008","TOM-0001","CAHYB-2024-L2","CAHYB-2024-L2-B2",2,12,15,59.96,6.23,37.76,91.58,106.76,16.13
"PLB-014xTOM-0001","PLB-014","TOM-0001","CAHYB-2024-L2","CAHYB-2024-L2-B2",2,3,10,74.08,6.9,39.49,76.06,105.47,16.74
"PLB-055xTOM-0001","PLB-055","TOM-0001","CAHYB-2024-L2","CAHYB-2024-L2-B2",2,13,2,75.37,6.65,35.75,71.83,103.46,13.83
"PLB-036xTOM-0001","PLB-036","TOM-0001","CAHYB-2024-L2","CAHYB-2024-L2-B2",2,14,15,83.14,7.02,37.99,81.19,109.93,18.83
"PLB-048xTOM-0001","PLB-048","TOM-0001","CAHYB-2024-L2","CAHYB-2024-L2-B2",2,13,7,67.44,5.69,31.17,84.68,104.21,13.62
"PLB-032xTOM-0001","PLB-032","TOM-0001","CAHYB-2024-L2","CAHYB-2024-L2-B2",2,14,5,71.64,6.58,23.41,74.07,100.17,11.14
"PLB-027xTOM-0001","PLB-027","TOM-0001","CAHYB-2024-L2","CAHYB-2024-L2-B2",2,13,5,71.79,6.06,30.99,59.66,104.83,11.5
"PLA-044xTOM-0002","PLA-044","TOM-0002","CAHYB-2024-L2","CAHYB-2024-L2-B2",2,6,13,109.68,6.52,44.14,79.36,108.98,17.53
"PLA-015xTOM-0002","PLA-015","TOM-0002","CAHYB-2024-L2","CAHYB-2024-L2-B2",2,5,5,93.2,5,46.29,65.02,99.67,15.78
"PLA-014xTOM-0002","PLA-014","TOM-0002","CAHYB-2024-L2","CAHYB-2024-L2-B2",2,2,14,93.54,7.79,44.87,65.99,112.75,18.7
"PLA-048xTOM-0002","PLA-048","TOM-0002","CAHYB-2024-L2","CAHYB-2024-L2-B2",2,2,6,79.72,5.72,47.69,67.15,105.04,16.72
"PLA-043xTOM-0002","PLA-043","TOM-0002","CAHYB-2024-L2","CAHYB-2024-L2-B2",2,4,14,98.98,6.99,39.89,72.17,110.69,21.7
"PLA-053xTOM-0002","PLA-053","TOM-0002","CAHYB-2024-L2","CAHYB-2024-L2-B2",2,8,5,89.5,6.12,32.88,64.82,99.13,15.82
"PLA-041xTOM-0002","PLA-041","TOM-0002","CAHYB-2024-L2","CAHYB-2024-L2-B2",2,12,6,71.83,6.26,32.58,66.71,102.35,16.62
"PLA-024xTOM-0002","PLA-024","TOM-0002","CAHYB-2024-L2","CAHYB-2024-L2-B2",2,1,9,84.62,6.47,37.77,68.71,108.4,13.5
"PLA-009xTOM-0002","PLA-009","TOM-0002","CAHYB-2024-L2","CAHYB-2024-L2-B2",2,4,13,101.12,6.7,46.78,77.36,108.54,16.24
"PLA-038xTOM-0002","PLA-038","TOM-0002","CAHYB-2024-L2","CAHYB-2024-L2-B2",2,2,2,82.95,6.39,40.76,66.09,109.65,17.59
"PLA-042xTOM-0002","PLA-042","TOM-0002","CAHYB-2024-L2","CAHYB-2024-L2-B2",2,4,9,84.09,5.53,34.61,76.94,105.62,17.73
"PLA-013xTOM-0002","PLA-013","TOM-0002","CAHYB-2024-L2","CAHYB-2024-L2-B2",2,5,3,93.83,6.3,31.51,76.37,100.22,14.5
"PLA-055xTOM-0002","PLA-055","TOM-0002","CAHYB-2024-L2","CAHYB-2024-L2-B2",2,3,3,85.43,6.18,38.5,71.34,101.9,13.75
"PLA-058xTOM-0002","PLA-058","TOM-0002","CAHYB-2024-L2","CAHYB-2024-L2-B2",2,7,13,110.61,6.45,40.85,86.27,104.86,17.48
"PLA-057xTOM-0002","PLA-057","TOM-0002","CAHYB-2024-L2","CAHYB-2024-L2-B2",2,14,3,91.28,6.54,39.77,63.85,111.98,19.76
"PLA-008xTOM-0002","PLA-008","TOM-0002","CAHYB-2024-L2","CAHYB-2024-L2-B2",2,14,10,96.4,5.24,36.51,78.08,107.4,15.18
"PLA-012xTOM-0002","PLA-012","TOM-0002","CAHYB-2024-L2","CAHYB-2024-L2-B2",2,14,9,90.5,6.93,32.75,73.43,106.79,11.64
"PLA-004xTOM-0002","PLA-004","TOM-0002","CAHYB-2024-L2","CAHYB-2024-L2-B2",2,12,11,91.58,7.23,42.58,77.93,107.5,17.87
"PLB-006xTOM-0002","PLB-006","TOM-0002","CAHYB-2024-L2","CAHYB-2024-L2-B2",2,12,5,64.8,6.06,39.02,49.39,101.02,14.71
"PLB-026xTOM-0002","PLB-026","TOM-0002","CAHYB-2024-L2","CAHYB-2024-L2-B2",2,5,12,83.05,6.22,39.56,82.73,105.8,16.39
"PLB-025xTOM-0002","PLB-025","TOM-0002","CAHYB-2024-L2","CAHYB-2024-L2-B2",2,9,14,90.59,6.43,45.82,83.58,110.1,15.46
"PLB-045xTOM-0002","PLB-045","TOM-0002","CAHYB-2024-L2","CAHYB-2024-L2-B2",2,10,6,90.8,6.36,31.95,67.51,102.28,12.97
"PLB-030xTOM-0002","PLB-030","TOM-0002","CAHYB-2024-L2","CAHYB-2024-L2-B2",2,5,10,94.51,5.6,48.17,71.48,108.16,18.17
"PLB-052xTOM-0002","PLB-052","TOM-0002","CAHYB-2024-L2","CAHYB-2024-L2-B2",2,4,2,98.05,5.62,35.44,75.23,106.65,17.01
"PLB-047xTOM-0002","PLB-047","TOM-0002","CAHYB-2024-L2","CAHYB-2024-L2-B2",2,7,4,71.05,5.2,28.63,61.35,103.41,14.56
"PLB-029xTOM-0002","PLB-029","TOM-0002","CAHYB-2024-L2","CAHYB-2024-L2-B2",2,12,10,100,5.99,37.76,90.44,104.05,17.77
"PLB-053xTOM-0002","PLB-053","TOM-0002","CAHYB-2024-L2","CAHYB-2024-L2-B2",2,3,2,64.82,6.02,43.56,72.07,103.77,16.1
"PLB-033xTOM-0002","PLB-033","TOM-0002","CAHYB-2024-L2","CAHYB-2024-L2-B2",2,7,1,82.73,5.3,37.13,71.34,109.97,13.64
"PLB-022xTOM-0002","PLB-022","TOM-0002","CAHYB-2024-L2","CAHYB-2024-L2-B2",2,13,6,80.79,5.11,30.51,63.64,104,11.02
"PLB-008xTOM-0002","PLB-008","TOM-0002","CAHYB-2024-L2","CAHYB-2024-L2-B2",2,15,5,72.13,5.75,42.8,89.13,103.26,15.25
"PLB-014xTOM-0002","PLB-014","TOM-0002","CAHYB-2024-L2","CAHYB-2024-L2-B2",2,8,13,80.79,6.62,42.1,77.13,110.04,21.23
"PLB-055xTOM-0002","PLB-055","TOM-0002","CAHYB-2024-L2","CAHYB-2024-L2-B2",2,5,8,83.41,5.4,38.86,66.34,106.54,12.32
"PLB-036xTOM-0002","PLB-036","TOM-0002","CAHYB-2024-L2","CAHYB-2024-L2-B2",2,1,15,87.06,6.75,33.34,63.21,111.65,17.36
"PLB-048xTOM-0002","PLB-048","TOM-0002","CAHYB-2024-L2","CAHYB-2024-L2-B2",2,5,2,80.98,5.66,40.27,74.57,98.22,13.51
"PLB-032xTOM-0002","PLB-032","TOM-0002","CAHYB-2024-L2","CAHYB-2024-L2-B2",2,5,11,80.21,6.19,41.75,86.33,97.46,12.9
"PLB-027xTOM-0002","PLB-027","TOM-0002","CAHYB-2024-L2","CAHYB-2024-L2-B2",2,15,3,86.8,6.25,31.35,70.44,104.14,16.44
"PLA-044xTOM-0003","PLA-044","TOM-0003","CAHYB-2024-L2","CAHYB-2024-L2-B2",2,7,3,90.63,5.84,46.24,75.86,108.99,18.99
"PLA-015xTOM-0003","PLA-015","TOM-0003","CAHYB-2024-L2","CAHYB-2024-L2-B2",2,10,13,101.04,6.37,54.68,99.85,109.53,19.59
"PLA-014xTOM-0003","PLA-014","TOM-0003","CAHYB-2024-L2","CAHYB-2024-L2-B2",2,5,6,82.4,5.88,35.51,61.11,106.63,16.49
"PLA-048xTOM-0003","PLA-048","TOM-0003","CAHYB-2024-L2","CAHYB-2024-L2-B2",2,6,1,77.31,5.93,50.5,78.97,108.57,17.79
"PLA-043xTOM-0003","PLA-043","TOM-0003","CAHYB-2024-L2","CAHYB-2024-L2-B2",2,13,4,86.42,6.15,32.86,66.29,101.72,17.85
"PLA-053xTOM-0003","PLA-053","TOM-0003","CAHYB-2024-L2","CAHYB-2024-L2-B2",2,10,5,89.81,5.7,37.25,81.41,101.04,16.85
"PLA-041xTOM-0003","PLA-041","TOM-0003","CAHYB-2024-L2","CAHYB-2024-L2-B2",2,12,9,85.56,6.28,33.81,86.81,107.08,17.96
"PLA-024xTOM-0003","PLA-024","TOM-0003","CAHYB-2024-L2","CAHYB-2024-L2-B2",2,5,4,100.26,5.65,50.89,67.23,108.78,15.87
"PLA-009xTOM-0003","PLA-009","TOM-0003","CAHYB-2024-L2","CAHYB-2024-L2-B2",2,8,8,86.99,5.87,44.15,73.78,113.49,19.34
"PLA-038xTOM-0003","PLA-038","TOM-0003","CAHYB-2024-L2","CAHYB-2024-L2-B2",2,1,10,96.87,6.09,40.08,64.35,108.18,20.78
"PLA-042xTOM-0003","PLA-042","TOM-0003","CAHYB-2024-L2","CAHYB-2024-L2-B2",2,6,15,95.79,5.78,37.83,91.04,112.57,17.87
"PLA-013xTOM-0003","PLA-013","TOM-0003","CAHYB-2024-L2","CAHYB-2024-L2-B2",2,2,1,93.49,6.02,37.95,77.98,111.22,18.26
"PLA-055xTOM-0003","PLA-055","TOM-0003","CAHYB-2024-L2","CAHYB-2024-L2-B2",2,10,4,85.74,5.84,40.04,72.73,106.75,14.12
"PLA-058xTOM-0003","PLA-058","TOM-0003","CAHYB-2024-L2","CAHYB-2024-L2-B2",2,9,5,91.9,5.08,35.06,76.74,97.44,15.18
"PLA-057xTOM-0003","PLA-057","TOM-0003","CAHYB-2024-L2","CAHYB-2024-L2-B2",2,5,9,89.46,6.93,39.42,84.01,110,13.24
"PLA-008xTOM-0003","PLA-008","TOM-0003","CAHYB-2024-L2","CAHYB-2024-L2-B2",2,4,10,93.47,6.19,50.39,78.12,111.65,20.7
"PLA-012xTOM-0003","PLA-012","TOM-0003","CAHYB-2024-L2","CAHYB-2024-L2-B2",2,6,2,83.84,6.08,41.1,75.04,115.34,13.46
"PLA-004xTOM-0003","PLA-004","TOM-0003","CAHYB-2024-L2","CAHYB-2024-L2-B2",2,14,7,93.03,6.13,41.96,68.35,108.97,14.61
"PLB-006xTOM-0003","PLB-006","TOM-0003","CAHYB-2024-L2","CAHYB-2024-L2-B2",2,1,1,85.83,6.72,47.43,69.04,110.1,20.62
"PLB-026xTOM-0003","PLB-026","TOM-0003","CAHYB-2024-L2","CAHYB-2024-L2-B2",2,13,11,91.57,6.15,55.17,89.22,108.82,20.4
"PLB-025xTOM-0003","PLB-025","TOM-0003","CAHYB-2024-L2","CAHYB-2024-L2-B2",2,1,11,74.58,6.45,38.02,91.27,112.28,15.7
"PLB-045xTOM-0003","PLB-045","TOM-0003","CAHYB-2024-L2","CAHYB-2024-L2-B2",2,7,9,76.36,5.82,51.59,79.5,112.08,17.33
"PLB-030xTOM-0003","PLB-030","TOM-0003","CAHYB-2024-L2","CAHYB-2024-L2-B2",2,2,3,76.13,5.94,50.86,76.46,107.77,17.46
"PLB-052xTOM-0003","PLB-052","TOM-0003","CAHYB-2024-L2","CAHYB-2024-L2-B2",2,4,1,87.01,6.07,50.49,78.31,110.87,18.85
"PLB-047xTOM-0003","PLB-047","TOM-0003","CAHYB-2024-L2","CAHYB-2024-L2-B2",2,10,7,73.81,5.6,38.32,80.36,107.48,16.25
"PLB-029xTOM-0003","PLB-029","TOM-0003","CAHYB-2024-L2","CAHYB-2024-L2-B2",2,3,8,95.18,6.17,39.09,91.42,102.85,18.45
"PLB-053xTOM-0003","PLB-053","TOM-0003","CAHYB-2024-L2","CAHYB-2024-L2-B2",2,12,14,78.41,6.36,41.46,88.54,107.88,21.73
"PLB-033xTOM-0003","PLB-033","TOM-0003","CAHYB-2024-L2","CAHYB-2024-L2-B2",2,8,12,87.19,6.32,42.43,86.8,111.18,15.31
"PLB-022xTOM-0003","PLB-022","TOM-0003","CAHYB-2024-L2","CAHYB-2024-L2-B2",2,11,6,65.82,4.93,39.71,75.08,106.6,15.49
"PLB-008xTOM-0003","PLB-008","TOM-0003","CAHYB-2024-L2","CAHYB-2024-L2-B2",2,5,7,59.89,4.9,45.48,81.05,105.36,11.94
"PLB-014xTOM-0003","PLB-014","TOM-0003","CAHYB-2024-L2","CAHYB-2024-L2-B2",2,2,7,60.89,5.73,43.36,81.87,104.5,14.81
"PLB-055xTOM-0003","PLB-055","TOM-0003","CAHYB-2024-L2","CAHYB-2024-L2-B2",2,13,14,78.04,6.35,51.2,74.82,110.56,16.69
"PLB-036xTOM-0003","PLB-036","TOM-0003","CAHYB-2024-L2","CAHYB-2024-L2-B2",2,13,9,88.07,5.92,37.92,81.53,108.75,20.42
"PLB-048xTOM-0003","PLB-048","TOM-0003","CAHYB-2024-L2","CAHYB-2024-L2-B2",2,2,4,67.14,6.02,35.54,81.49,101.88,15.04
"PLB-032xTOM-0003","PLB-032","TOM-0003","CAHYB-2024-L2","CAHYB-2024-L2-B2",2,10,15,77.01,6.15,47.59,84.94,109.99,16.22
"PLB-027xTOM-0003","PLB-027","TOM-0003","CAHYB-2024-L2","CAHYB-2024-L2-B2",2,7,2,76.21,5.42,40.81,71.8,105.22,13.56
"PLA-044xTOM-0001","PLA-044","TOM-0001","CAHYB-2024-L3","CAHYB-2024-L3-B1",1,3,12,112.12,6.39,57.26,68.5,118.7,23
"PLA-015xTOM-0001","PLA-015","TOM-0001","CAHYB-2024-L3","CAHYB-2024-L3-B1",1,12,15,105.15,6.71,55.25,79.25,120.77,15.66
"PLA-014xTOM-0001","PLA-014","TOM-0001","CAHYB-2024-L3","CAHYB-2024-L3-B1",1,1,8,97.99,6.14,51.25,67,118.49,16.22
"PLA-048xTOM-0001","PLA-048","TOM-0001","CAHYB-2024-L3","CAHYB-2024-L3-B1",1,1,12,81.23,6.81,58.58,77.09,118.72,22.16
"PLA-043xTOM-0001","PLA-043","TOM-0001","CAHYB-2024-L3","CAHYB-2024-L3-B1",1,4,7,101.59,6.16,42.47,78.8,120.73,22.43
"PLA-053xTOM-0001","PLA-053","TOM-0001","CAHYB-2024-L3","CAHYB-2024-L3-B1",1,6,9,98.44,6.29,61.31,76.23,123.45,19.4
"PLA-041xTOM-0001","PLA-041","TOM-0001","CAHYB-2024-L3","CAHYB-2024-L3-B1",1,8,14,77.14,6.37,52.6,73.37,119.63,19.73
"PLA-024xTOM-0001","PLA-024","TOM-0001","CAHYB-2024-L3","CAHYB-2024-L3-B1",1,10,2,111.11,5.71,55.39,78.42,121.42,16.75
"PLA-009xTOM-0001","PLA-009","TOM-0001","CAHYB-2024-L3","CAHYB-2024-L3-B1",1,1,4,98,6.28,50.64,68.66,121.97,18.43
"PLA-038xTOM-0001","PLA-038","TOM-0001","CAHYB-2024-L3","CAHYB-2024-L3-B1",1,2,12,98.16,6.43,51.21,67.59,124.9,19.45
"PLA-042xTOM-0001","PLA-042","TOM-0001","CAHYB-2024-L3","CAHYB-2024-L3-B1",1,6,15,96.82,6.19,41.62,73.84,115.97,17.17
"PLA-013xTOM-0001","PLA-013","TOM-0001","CAHYB-2024-L3","CAHYB-2024-L3-B1",1,12,13,97.7,6.1,44.21,79.67,116.27,18.55
"PLA-055xTOM-0001","PLA-055","TOM-0001","CAHYB-2024-L3","CAHYB-2024-L3-B1",1,9,11,109.18,5.89,56.8,82.67,118.64,15.28
"PLA-058xTOM-0001","PLA-058","TOM-0001","CAHYB-2024-L3","CAHYB-2024-L3-B1",1,2,2,123.32,5.52,43.53,76.99,113.81,17.27
"PLA-057xTOM-0001","PLA-057","TOM-0001","CAHYB-2024-L3","CAHYB-2024-L3-B1",1,2,7,100,6.75,45.51,78.49,122.25,17.82
"PLA-008xTOM-0001","PLA-008","TOM-0001","CAHYB-2024-L3","CAHYB-2024-L3-B1",1,2,8,101.21,7.17,56.11,74.45,121.78,17.79
"PLA-012xTOM-0001","PLA-012","TOM-0001","CAHYB-2024-L3","CAHYB-2024-L3-B1",1,10,15,94.08,6.87,50.3,58.21,120.28,16.55
"PLA-004xTOM-0001","PLA-004","TOM-0001","CAHYB-2024-L3","CAHYB-2024-L3-B1",1,3,6,87.66,6.77,45.13,70.53,120.2,13.28
"PLB-006xTOM-0001","PLB-006","TOM-0001","CAHYB-2024-L3","CAHYB-2024-L3-B1",1,8,13,102.15,6.72,62.14,75.12,119.2,20.21
"PLB-026xTOM-0001","PLB-026","TOM-0001","CAHYB-2024-L3","CAHYB-2024-L3-B1",1,8,4,101.27,6.09,56.84,73.66,115.76,16.68
"PLB-025xTOM-0001","PLB-025","TOM-0001","CAHYB-2024-L3","CAHYB-2024-L3-B1",1,10,5,84.8,6.02,54.53,80.24,124.89,19.15
"PLB-045xTOM-0001","PLB-045","TOM-0001","CAHYB-2024-L3","CAHYB-2024-L3-B1",1,9,10,95.99,6.46,40.64,79.95,125.85,18.44
"PLB-030xTOM-0001","PLB-030","TOM-0001","CAHYB-2024-L3","CAHYB-2024-L3-B1",1,15,6,76.58,5.82,56.14,65.75,122.63,15.61
"PLB-052xTOM-0001","PLB-052","TOM-0001","CAHYB-2024-L3","CAHYB-2024-L3-B1",1,3,7,100.58,5.48,51.73,80.91,122.17,19.88
"PLB-047xTOM-0001","PLB-047","TOM-0001","CAHYB-2024-L3","CAHYB-2024-L3-B1",1,4,4,90.38,6.03,39.59,89.88,118.55,16.84
"PLB-029xTOM-0001","PLB-029","TOM-0001","CAHYB-2024-L3","CAHYB-2024-L3-B1",1,5,6,83.71,6.44,40.43,82.37,118.9,15.78
"PLB-053xTOM-0001","PLB-053","TOM-0001","CAHYB-2024-L3","CAHYB-2024-L3-B1",1,11,6,77.16,5.77,49.43,77.04,121.53,21.24
"PLB-033xTOM-0001","PLB-033","TOM-0001","CAHYB-2024-L3","CAHYB-2024-L3-B1",1,14,4,82.97,5.87,56.22,84.33,114.93,14.9
"PLB-022xTOM-0001","PLB-022","TOM-0001","CAHYB-2024-L3","CAHYB-2024-L3-B1",1,10,7,99.24,6.17,43.58,79.1,125.59,18.47
"PLB-008xTOM-0001","PLB-008","TOM-0001","CAHYB-2024-L3","CAHYB-2024-L3-B1",1,8,11,91.06,5.35,57.1,96.14,116.42,20.28
"PLB-014xTOM-0001","PLB-014","TOM-0001","CAHYB-2024-L3","CAHYB-2024-L3-B1",1,5,7,72.06,6.77,50.41,78.27,117.07,15.77
"PLB-055xTOM-0001","PLB-055","TOM-0001","CAHYB-2024-L3","CAHYB-2024-L3-B1",1,14,14,88.33,5.61,55.93,79.81,121.26,15.69
"PLB-036xTOM-0001","PLB-036","TOM-0001","CAHYB-2024-L3","CAHYB-2024-L3-B1",1,14,8,79.4,6.94,34.92,66.26,119.9,18.64
"PLB-048xTOM-0001","PLB-048","TOM-0001","CAHYB-2024-L3","CAHYB-2024-L3-B1",1,13,4,98.47,5.99,49.08,73.82,115.69,17.04
"PLB-032xTOM-0001","PLB-032","TOM-0001","CAHYB-2024-L3","CAHYB-2024-L3-B1",1,3,8,89.72,6.4,41.24,78.88,117.56,15.51
"PLB-027xTOM-0001","PLB-027","TOM-0001","CAHYB-2024-L3","CAHYB-2024-L3-B1",1,1,1,86.64,6.38,52.69,72.58,119.76,14.58
"PLA-044xTOM-0002","PLA-044","TOM-0002","CAHYB-2024-L3","CAHYB-2024-L3-B1",1,14,5,105.56,5.59,57.25,59.41,116.2,18.98
"PLA-015xTOM-0002","PLA-015","TOM-0002","CAHYB-2024-L3","CAHYB-2024-L3-B1",1,7,8,112.37,5.62,66.87,79.75,117.61,20.86
"PLA-014xTOM-0002","PLA-014","TOM-0002","CAHYB-2024-L3","CAHYB-2024-L3-B1",1,1,15,103.54,5.45,48.89,64.54,116.7,18.41
"PLA-048xTOM-0002","PLA-048","TOM-0002","CAHYB-2024-L3","CAHYB-2024-L3-B1",1,8,15,89.75,5.79,61.58,70.82,119.13,22.29
"PLA-043xTOM-0002","PLA-043","TOM-0002","CAHYB-2024-L3","CAHYB-2024-L3-B1",1,13,5,113.49,6.19,52.25,72.14,119.6,19.74
"PLA-053xTOM-0002","PLA-053","TOM-0002","CAHYB-2024-L3","CAHYB-2024-L3-B1",1,6,8,115.93,6.14,61.93,75.26,116.49,23.16
"PLA-041xTOM-0002","PLA-041","TOM-0002","CAHYB-2024-L3","CAHYB-2024-L3-B1",1,15,2,101.46,5.88,56.18,69.89,115.37,14.65
"PLA-024xTOM-0002","PLA-024","TOM-0002","CAHYB-2024-L3","CAHYB-2024-L3-B1",1,2,6,100.55,5.58,62.29,74.51,122.85,17.59
"PLA-009xTOM-0002","PLA-009","TOM-0002","CAHYB-2024-L3","CAHYB-2024-L3-B1",1,3,1,103.15,6.03,56.4,66.94,123.64,16.61
"PLA-038xTOM-0002","PLA-038","TOM-0002","CAHYB-2024-L3","CAHYB-2024-L3-B1",1,2,13,114.79,6.27,60.69,63.34,120.67,19.57
"PLA-042xTOM-0002","PLA-042","TOM-0002","CAHYB-2024-L3","CAHYB-2024-L3-B1",1,10,3,121.32,5.69,49.59,73.91,118.69,16.01
"PLA-013xTOM-0002","PLA-013","TOM-0002","CAHYB-2024-L3","CAHYB-2024-L3-B1",1,13,9,109.62,5.87,44.39,76.04,118.4,20.44
"PLA-055xTOM-0002","PLA-055","TOM-0002","CAHYB-2024-L3","CAHYB-2024-L3-B1",1,4,13,110.45,5.55,47.45,65.65,118.33,16.79
"PLA-058xTOM-0002","PLA-058","TOM-0002","CAHYB-2024-L3","CAHYB-2024-L3-B1",1,9,2,119.89,5.89,48.17,72.88,108.25,17.64
"PLA-057xTOM-0002","PLA-057","TOM-0002","CAHYB-2024-L3","CAHYB-2024-L3-B1",1,13,8,109.36,6.06,52.62,72.56,123.25,18.88
"PLA-008xTOM-0002","PLA-008","TOM-0002","CAHYB-2024-L3","CAHYB-2024-L3-B1",1,14,9,127.75,5.82,56.6,71.79,118.18,17.45
"PLA-012xTOM-0002","PLA-012","TOM-0002","CAHYB-2024-L3","CAHYB-2024-L3-B1",1,11,15,102.09,6.01,49.86,72.5,122.1,16.1
"PLA-004xTOM-0002","PLA-004","TOM-0002","CAHYB-2024-L3","CAHYB-2024-L3-B1",1,6,4,97.96,5.78,45.98,60.83,117.18,13.4
"PLB-006xTOM-0002","PLB-006","TOM-0002","CAHYB-2024-L3","CAHYB-2024-L3-B1",1,5,10,107.27,6.14,61.81,58.46,115.85,19.62
"PLB-026xTOM-0002","PLB-026","TOM-0002","CAHYB-2024-L3","CAHYB-2024-L3-B1",1,3,4,105.58,5.92,52.87,73.36,118.43,18.32
"PLB-025xTOM-0002","PLB-025","TOM-0002","CAHYB-2024-L3","CAHYB-2024-L3-B1",1,12,4,88.93,5.55,50.01,83.84,121.16,18.62
"PLB-045xTOM-0002","PLB-045","TOM-0002","CAHYB-2024-L3","CAHYB-2024-L3-B1",1,6,13,110.75,5.71,57.33,71.43,121.72,22.05
"PLB-030xTOM-0002","PLB-030","TOM-0002","CAHYB-2024-L3","CAHYB-2024-L3-B1",1,9,12,115.49,5.32,62.11,73.89,121.37,19.01
"PLB-052xTOM-0002","PLB-052","TOM-0002","CAHYB-2024-L3","CAHYB-2024-L3-B1",1,4,12,91.26,6.09,59.32,79.64,120.71,20.95
"PLB-047xTOM-0002","PLB-047","TOM-0002","CAHYB-2024-L3","CAHYB-2024-L3-B1",1,2,15,111.45,6.33,47.32,74.7,116.06,19.06
"PLB-029xTOM-0002","PLB-029","TOM-0002","CAHYB-2024-L3","CAHYB-2024-L3-B1",1,12,9,113.68,6.23,48.65,88.89,113.41,17.71
"PLB-053xTOM-0002","PLB-053","TOM-0002","CAHYB-2024-L3","CAHYB-2024-L3-B1",1,12,11,83.4,5.94,57.33,81.99,116.09,19.47
"PLB-033xTOM-0002","PLB-033","TOM-0002","CAHYB-2024-L3","CAHYB-2024-L3-B1",1,7,13,106.13,6.23,51.33,76.76,117.5,15.22
"PLB-022xTOM-0002","PLB-022","TOM-0002","CAHYB-2024-L3","CAHYB-2024-L3-B1",1,7,6,84.66,5.73,51.63,73.21,123.01,16.16
"PLB-008xTOM-0002","PLB-008","TOM-0002","CAHYB-2024-L3","CAHYB-2024-L3-B1",1,12,2,89.91,5.6,53.46,75.45,116.46,15.37
"PLB-014xTOM-0002","PLB-014","TOM-0002","CAHYB-2024-L3","CAHYB-2024-L3-B1",1,8,1,79.69,6.04,58.07,72.53,121.37,17.58
"PLB-055xTOM-0002","PLB-055","TOM-0002","CAHYB-2024-L3","CAHYB-2024-L3-B1",1,1,7,91.92,4.71,56.89,72.42,122.01,15.72
"PLB-036xTOM-0002","PLB-036","TOM-0002","CAHYB-2024-L3","CAHYB-2024-L3-B1",1,13,2,86.73,6.02,51.75,51.99,119.99,18.1
"PLB-048xTOM-0002","PLB-048","TOM-0002","CAHYB-2024-L3","CAHYB-2024-L3-B1",1,5,12,95.27,5.57,60.97,78.58,114.85,18.08
"PLB-032xTOM-0002","PLB-032","TOM-0002","CAHYB-2024-L3","CAHYB-2024-L3-B1",1,3,5,91.74,5.79,47.42,74.6,113.17,13.18
"PLB-027xTOM-0002","PLB-027","TOM-0002","CAHYB-2024-L3","CAHYB-2024-L3-B1",1,11,8,109.11,4.86,47.62,67.46,120.48,17.46
"PLA-044xTOM-0003","PLA-044","TOM-0003","CAHYB-2024-L3","CAHYB-2024-L3-B1",1,11,11,112.34,5.66,62.25,79.54,118.21,21.65
"PLA-015xTOM-0003","PLA-015","TOM-0003","CAHYB-2024-L3","CAHYB-2024-L3-B1",1,10,12,116.82,5.82,71.23,89.25,118.3,20.32
"PLA-014xTOM-0003","PLA-014","TOM-0003","CAHYB-2024-L3","CAHYB-2024-L3-B1",1,6,11,108.72,5.89,62.72,70.23,125.6,21.73
"PLA-048xTOM-0003","PLA-048","TOM-0003","CAHYB-2024-L3","CAHYB-2024-L3-B1",1,5,4,85.42,6.63,68.75,64.46,119.56,22.13
"PLA-043xTOM-0003","PLA-043","TOM-0003","CAHYB-2024-L3","CAHYB-2024-L3-B1",1,14,3,87.53,6.13,52.75,74.37,119.21,18.74
"PLA-053xTOM-0003","PLA-053","TOM-0003","CAHYB-2024-L3","CAHYB-2024-L3-B1",1,9,4,121.37,4.93,53.96,81.98,118.02,19.56
"PLA-041xTOM-0003","PLA-041","TOM-0003","CAHYB-2024-L3","CAHYB-2024-L3-B1",1,14,10,96.89,6.35,57.17,77.15,120.9,17.29
"PLA-024xTOM-0003","PLA-024","TOM-0003","CAHYB-2024-L3","CAHYB-2024-L3-B1",1,6,2,101.7,5.58,62.45,70.79,121.99,17.84
"PLA-009xTOM-0003","PLA-009","TOM-0003","CAHYB-2024-L3","CAHYB-2024-L3-B1",1,9,3,109.4,5.67,62.03,70.56,123.07,18.15
"PLA-038xTOM-0003","PLA-038","TOM-0003","CAHYB-2024-L3","CAHYB-2024-L3-B1",1,12,14,95.48,5.83,61.58,73.09,123.57,22.96
"PLA-042xTOM-0003","PLA-042","TOM-0003","CAHYB-2024-L3","CAHYB-2024-L3-B1",1,4,8,104.11,5.23,54.78,77.43,117.34,18.96
"PLA-013xTOM-0003","PLA-013","TOM-0003","CAHYB-2024-L3","CAHYB-2024-L3-B1",1,13,14,98.74,6,46.4,69.53,122.66,21.2
"PLA-055xTOM-0003","PLA-055","TOM-0003","CAHYB-2024-L3","CAHYB-2024-L3-B1",1,4,9,110.68,5.44,57.05,68.69,123.65,19.62
"PLA-058xTOM-0003","PLA-058","TOM-0003","CAHYB-2024-L3","CAHYB-2024-L3-B1",1,11,5,118.99,5.53,48.01,87.27,116.56,22.57
"PLA-057xTOM-0003","PLA-057","TOM-0003","CAHYB-2024-L3","CAHYB-2024-L3-B1",1,13,3,94.3,5.9,65.71,75.86,123.96,16.03
"PLA-008xTOM-0003","PLA-008","TOM-0003","CAHYB-2024-L3","CAHYB-2024-L3-B1",1,8,6,104.66,5.27,59.69,80.13,126.55,17.26
"PLA-012xTOM-0003","PLA-012","TOM-0003","CAHYB-2024-L3","CAHYB-2024-L3-B1",1,4,3,100.75,5.21,50.07,67.34,126.34,18.36
"PLA-004xTOM-0003","PLA-004","TOM-0003","CAHYB-2024-L3","CAHYB-2024-L3-B1",1,6,6,100.82,6.03,62.82,75.26,124.86,14.4
"PLB-006xTOM-0003","PLB-006","TOM-0003","CAHYB-2024-L3","CAHYB-2024-L3-B1",1,13,10,96.4,5.89,65.25,61.03,121.98,20.11
"PLB-026xTOM-0003","PLB-026","TOM-0003","CAHYB-2024-L3","CAHYB-2024-L3-B1",1,3,15,101.96,5.6,54.41,76.16,121.95,18.44
"PLB-025xTOM-0003","PLB-025","TOM-0003","CAHYB-2024-L3","CAHYB-2024-L3-B1",1,5,5,98.81,5.45,61.77,86.65,120.82,17.67
"PLB-045xTOM-0003","PLB-045","TOM-0003","CAHYB-2024-L3","CAHYB-2024-L3-B1",1,1,5,117.66,5.24,60.93,74.33,128.62,17.37
"PLB-030xTOM-0003","PLB-030","TOM-0003","CAHYB-2024-L3","CAHYB-2024-L3-B1",1,5,1,92.26,5.95,53.88,81.36,118.69,17.37
"PLB-052xTOM-0003","PLB-052","TOM-0003","CAHYB-2024-L3","CAHYB-2024-L3-B1",1,4,2,93.52,5.26,51.18,80.65,120.83,22.44
"PLB-047xTOM-0003","PLB-047","TOM-0003","CAHYB-2024-L3","CAHYB-2024-L3-B1",1,13,15,91.33,5.9,58.08,94.61,123.43,17.57
"PLB-029xTOM-0003","PLB-029","TOM-0003","CAHYB-2024-L3","CAHYB-2024-L3-B1",1,11,13,113.39,5.98,40.73,92.55,121.38,22.9
"PLB-053xTOM-0003","PLB-053","TOM-0003","CAHYB-2024-L3","CAHYB-2024-L3-B1",1,8,12,92.02,5.91,63.07,84.58,121.05,19.82
"PLB-033xTOM-0003","PLB-033","TOM-0003","CAHYB-2024-L3","CAHYB-2024-L3-B1",1,11,2,88.15,5.04,56.64,79.4,122.25,14.44
"PLB-022xTOM-0003","PLB-022","TOM-0003","CAHYB-2024-L3","CAHYB-2024-L3-B1",1,1,10,90.57,5.47,50.87,63.68,126.07,20.74
"PLB-008xTOM-0003","PLB-008","TOM-0003","CAHYB-2024-L3","CAHYB-2024-L3-B1",1,6,7,91.89,5.29,62.46,79.33,125.39,16.24
"PLB-014xTOM-0003","PLB-014","TOM-0003","CAHYB-2024-L3","CAHYB-2024-L3-B1",1,1,6,88.04,5.38,58.19,76.35,120.75,15.29
"PLB-055xTOM-0003","PLB-055","TOM-0003","CAHYB-2024-L3","CAHYB-2024-L3-B1",1,9,5,89.83,5.8,54.17,78.57,121.53,16.86
"PLB-036xTOM-0003","PLB-036","TOM-0003","CAHYB-2024-L3","CAHYB-2024-L3-B1",1,2,4,89.63,5.32,49.54,65.83,125.17,21.72
"PLB-048xTOM-0003","PLB-048","TOM-0003","CAHYB-2024-L3","CAHYB-2024-L3-B1",1,4,5,94.32,5.47,55.25,88.7,115.88,17.71
"PLB-032xTOM-0003","PLB-032","TOM-0003","CAHYB-2024-L3","CAHYB-2024-L3-B1",1,8,7,92.81,6.17,52.57,83.3,119.14,16.28
"PLB-027xTOM-0003","PLB-027","TOM-0003","CAHYB-2024-L3","CAHYB-2024-L3-B1",1,8,8,96.57,5.96,57.46,73.41,116.28,18.56
"PLA-044xTOM-0001","PLA-044","TOM-0001","CAHYB-2024-L3","CAHYB-2024-L3-B2",2,3,3,106.02,6.4,54.28,86.28,117.13,19.07
"PLA-015xTOM-0001","PLA-015","TOM-0001","CAHYB-2024-L3","CAHYB-2024-L3-B2",2,11,1,112.85,6.39,54.4,85.51,112.63,18.09
"PLA-014xTOM-0001","PLA-014","TOM-0001","CAHYB-2024-L3","CAHYB-2024-L3-B2",2,7,9,104.95,6.88,57.22,80.44,121.81,19.56
"PLA-048xTOM-0001","PLA-048","TOM-0001","CAHYB-2024-L3","CAHYB-2024-L3-B2",2,13,11,92.94,7.28,59.69,76.22,119.05,21.97
"PLA-043xTOM-0001","PLA-043","TOM-0001","CAHYB-2024-L3","CAHYB-2024-L3-B2",2,12,1,98.51,6.07,49.11,73.73,119.33,22.58
"PLA-053xTOM-0001","PLA-053","TOM-0001","CAHYB-2024-L3","CAHYB-2024-L3-B2",2,7,5,114.62,6.41,52.38,79.79,116.64,18.36
"PLA-041xTOM-0001","PLA-041","TOM-0001","CAHYB-2024-L3","CAHYB-2024-L3-B2",2,9,1,92.71,5.65,54.2,68.48,113.93,20.89
"PLA-024xTOM-0001","PLA-024","TOM-0001","CAHYB-2024-L3","CAHYB-2024-L3-B2",2,2,5,107.54,6.01,52.08,79.5,123.65,19.88
"PLA-009xTOM-0001","PLA-009","TOM-0001","CAHYB-2024-L3","CAHYB-2024-L3-B2",2,9,9,103.1,6.75,46.47,79.59,127.3,18.12
"PLA-038xTOM-0001","PLA-038","TOM-0001","CAHYB-2024-L3","CAHYB-2024-L3-B2",2,14,6,87.08,6.66,53.74,72.46,118.81,18.78
"PLA-042xTOM-0001","PLA-042","TOM-0001","CAHYB-2024-L3","CAHYB-2024-L3-B2",2,14,1,97.41,5.86,56.19,81.51,114.17,14.86
"PLA-013xTOM-0001","PLA-013","TOM-0001","CAHYB-2024-L3","CAHYB-2024-L3-B2",2,8,10,106.49,6.11,52.23,80.05,122.4,22.32
"PLA-055xTOM-0001","PLA-055","TOM-0001","CAHYB-2024-L3","CAHYB-2024-L3-B2",2,11,4,106.1,5.45,53.28,74.02,115.54,13.73
"PLA-058xTOM-0001","PLA-058","TOM-0001","CAHYB-2024-L3","CAHYB-2024-L3-B2",2,9,14,124.55,5.95,47.17,90.44,116.78,21.08
"PLA-057xTOM-0001","PLA-057","TOM-0001","CAHYB-2024-L3","CAHYB-2024-L3-B2",2,9,13,96.53,6.42,41.27,85.69,122.91,18.23
"PLA-008xTOM-0001","PLA-008","TOM-0001","CAHYB-2024-L3","CAHYB-2024-L3-B2",2,11,3,110.75,6.25,54.49,75.94,118.98,17.6
"PLA-012xTOM-0001","PLA-012","TOM-0001","CAHYB-2024-L3","CAHYB-2024-L3-B2",2,3,11,90.42,7.09,54.28,69.03,119.38,14.84
"PLA-004xTOM-0001","PLA-004","TOM-0001","CAHYB-2024-L3","CAHYB-2024-L3-B2",2,14,12,95.16,6.14,51.16,84.93,120.58,16.17
"PLB-006xTOM-0001","PLB-006","TOM-0001","CAHYB-2024-L3","CAHYB-2024-L3-B2",2,6,12,95.69,6.71,63.27,65.59,119.76,19.35
"PLB-026xTOM-0001","PLB-026","TOM-0001","CAHYB-2024-L3","CAHYB-2024-L3-B2",2,8,9,84.03,6.52,54.04,83.29,120.14,19.27
"PLB-025xTOM-0001","PLB-025","TOM-0001","CAHYB-2024-L3","CAHYB-2024-L3-B2",2,5,9,96.02,6.31,64.4,82.59,124.81,22.6
"PLB-045xTOM-0001","PLB-045","TOM-0001","CAHYB-2024-L3","CAHYB-2024-L3-B2",2,8,5,111.55,6.06,51.1,64.35,121.82,18.55
"PLB-030xTOM-0001","PLB-030","TOM-0001","CAHYB-2024-L3","CAHYB-2024-L3-B2",2,4,6,83.2,6.57,63.51,62.13,116.56,17.34
"PLB-052xTOM-0001","PLB-052","TOM-0001","CAHYB-2024-L3","CAHYB-2024-L3-B2",2,10,6,90.38,5.45,53.06,91.31,121.2,22
"PLB-047xTOM-0001","PLB-047","TOM-0001","CAHYB-2024-L3","CAHYB-2024-L3-B2",2,9,6,79.84,5.95,52.71,96.81,120.98,17.88
"PLB-029xTOM-0001","PLB-029","TOM-0001","CAHYB-2024-L3","CAHYB-2024-L3-B2",2,2,9,102.2,6.24,48.63,87.51,113.07,17.85
"PLB-053xTOM-0001","PLB-053","TOM-0001","CAHYB-2024-L3","CAHYB-2024-L3-B2",2,3,13,92.58,7.09,57.62,83.66,120.77,22.44
"PLB-033xTOM-0001","PLB-033","TOM-0001","CAHYB-2024-L3","CAHYB-2024-L3-B2",2,9,8,91.11,6.08,50.85,89.84,121.12,17.33
"PLB-022xTOM-0001","PLB-022","TOM-0001","CAHYB-2024-L3","CAHYB-2024-L3-B2",2,13,1,88.15,6.05,45.4,67.85,119.01,14.44
"PLB-008xTOM-0001","PLB-008","TOM-0001","CAHYB-2024-L3","CAHYB-2024-L3-B2",2,10,4,90.4,6.09,57.58,87.57,117.6,18.93
"PLB-014xTOM-0001","PLB-014","TOM-0001","CAHYB-2024-L3","CAHYB-2024-L3-B2",2,10,13,94.26,7.18,51.9,82.77,120.07,20.01
"PLB-055xTOM-0001","PLB-055","TOM-0001","CAHYB-2024-L3","CAHYB-2024-L3-B2",2,3,2,95.58,5.71,49.54,69.56,117.9,17.81
"PLB-036xTOM-0001","PLB-036","TOM-0001","CAHYB-2024-L3","CAHYB-2024-L3-B2",2,3,10,98.84,6.85,45.42,78.98,118.57,19.9
"PLB-048xTOM-0001","PLB-048","TOM-0001","CAHYB-2024-L3","CAHYB-2024-L3-B2",2,5,3,81.25,5.5,41.53,93.32,112.92,15.75
"PLB-032xTOM-0001","PLB-032","TOM-0001","CAHYB-2024-L3","CAHYB-2024-L3-B2",2,6,1,89.63,6.43,60.62,74.38,115.25,14.75
"PLB-027xTOM-0001","PLB-027","TOM-0001","CAHYB-2024-L3","CAHYB-2024-L3-B2",2,12,8,95.88,6.29,49.03,72.96,118.66,19.82
"PLA-044xTOM-0002","PLA-044","TOM-0002","CAHYB-2024-L3","CAHYB-2024-L3-B2",2,7,4,113.44,5.7,62.15,65.82,116.99,17.48
"PLA-015xTOM-0002","PLA-015","TOM-0002","CAHYB-2024-L3","CAHYB-2024-L3-B2",2,5,13,115.85,6.29,66.45,78.12,119.14,15.7
"PLA-014xTOM-0002","PLA-014","TOM-0002","CAHYB-2024-L3","CAHYB-2024-L3-B2",2,6,10,108.61,6.39,62.07,72.6,124.01,18.64
"PLA-048xTOM-0002","PLA-048","TOM-0002","CAHYB-2024-L3","CAHYB-2024-L3-B2",2,4,15,89.56,6.09,64.3,77.11,117.61,19.69
"PLA-043xTOM-0002","PLA-043","TOM-0002","CAHYB-2024-L3","CAHYB-2024-L3-B2",2,7,10,109.82,6.77,55.29,81.39,118.64,21.37
"PLA-053xTOM-0002","PLA-053","TOM-0002","CAHYB-2024-L3","CAHYB-2024-L3-B2",2,14,2,122.44,5.79,55.99,70.45,115.2,20.6
"PLA-041xTOM-0002","PLA-041","TOM-0002","CAHYB-2024-L3","CAHYB-2024-L3-B2",2,1,3,86.96,5.41,55.19,66.37,112.26,18.51
"PLA-024xTOM-0002","PLA-024","TOM-0002","CAHYB-2024-L3","CAHYB-2024-L3-B2",2,4,10,111.64,6.49,57.82,82.18,120.14,18.39
"PLA-009xTOM-0002","PLA-009","TOM-0002","CAHYB-2024-L3","CAHYB-2024-L3-B2",2,2,11,101.39,5.95,60.97,72.97,120.35,19.01
"PLA-038xTOM-0002","PLA-038","TOM-0002","CAHYB-2024-L3","CAHYB-2024-L3-B2",2,4,14,96.47,5.85,62.52,64.28,124.4,17.53
"PLA-042xTOM-0002","PLA-042","TOM-0002","CAHYB-2024-L3","CAHYB-2024-L3-B2",2,5,11,112.3,5.59,55.53,80.84,116.71,21.56
"PLA-013xTOM-0002","PLA-013","TOM-0002","CAHYB-2024-L3","CAHYB-2024-L3-B2",2,5,2,110.01,5.41,51.98,77.42,119.2,18.77
"PLA-055xTOM-0002","PLA-055","TOM-0002","CAHYB-2024-L3","CAHYB-2024-L3-B2",2,6,3,108.02,5.68,60.75,75.91,119.32,15.94
"PLA-058xTOM-0002","PLA-058","TOM-0002","CAHYB-2024-L3","CAHYB-2024-L3-B2",2,12,12,120.41,5.6,51.42,75.93,113.07,24.09
"PLA-057xTOM-0002","PLA-057","TOM-0002","CAHYB-2024-L3","CAHYB-2024-L3-B2",2,10,14,118.87,6.9,55.34,80.98,123.67,20.43
"PLA-008xTOM-0002","PLA-008","TOM-0002","CAHYB-2024-L3","CAHYB-2024-L3-B2",2,10,10,104.94,5.82,64.55,75.3,118.38,21.12
"PLA-012xTOM-0002","PLA-012","TOM-0002","CAHYB-2024-L3","CAHYB-2024-L3-B2",2,10,11,101.1,6.64,49.19,71.38,125.81,17.64
"PLA-004xTOM-0002","PLA-004","TOM-0002","CAHYB-2024-L3","CAHYB-2024-L3-B2",2,5,8,109.36,5.65,59.79,82.18,117.9,15.67
"PLB-006xTOM-0002","PLB-006","TOM-0002","CAHYB-2024-L3","CAHYB-2024-L3-B2",2,13,6,86.86,6.6,57.88,61.21,115.39,19.79
"PLB-026xTOM-0002","PLB-026","TOM-0002","CAHYB-2024-L3","CAHYB-2024-L3-B2",2,5,14,95.12,5.72,62.7,79.01,121.69,22.06
"PLB-025xTOM-0002","PLB-025","TOM-0002","CAHYB-2024-L3","CAHYB-2024-L3-B2",2,3,14,95.42,5.6,56.43,76.87,123.22,16.38
"PLB-045xTOM-0002","PLB-045","TOM-0002","CAHYB-2024-L3","CAHYB-2024-L3-B2",2,1,2,88.61,5.51,57.22,77.48,120.95,17.47
"PLB-030xTOM-0002","PLB-030","TOM-0002","CAHYB-2024-L3","CAHYB-2024-L3-B2",2,15,5,91.54,5.88,61.05,72.65,118.13,16.71
"PLB-052xTOM-0002","PLB-052","TOM-0002","CAHYB-2024-L3","CAHYB-2024-L3-B2",2,7,3,106.22,5.46,50.15,70.04,116.81,22.4
"PLB-047xTOM-0002","PLB-047","TOM-0002","CAHYB-2024-L3","CAHYB-2024-L3-B2",2,10,1,99.7,5.46,43.66,79.31,118.93,19.5
"PLB-029xTOM-0002","PLB-029","TOM-0002","CAHYB-2024-L3","CAHYB-2024-L3-B2",2,7,2,112.16,6.01,50.2,92.48,111.58,17.83
"PLB-053xTOM-0002","PLB-053","TOM-0002","CAHYB-2024-L3","CAHYB-2024-L3-B2",2,7,1,91.47,6.33,52.07,68.54,113.66,19.57
"PLB-033xTOM-0002","PLB-033","TOM-0002","CAHYB-2024-L3","CAHYB-2024-L3-B2",2,5,15,96.82,6.07,51.38,76.44,117.78,14.31
"PLB-022xTOM-0002","PLB-022","TOM-0002","CAHYB-2024-L3","CAHYB-2024-L3-B2",2,1,13,102.65,5.03,51.6,64.57,112.75,14.29
"PLB-008xTOM-0002","PLB-008","TOM-0002","CAHYB-2024-L3","CAHYB-2024-L3-B2",2,7,14,96.76,6.06,62.71,81.5,116.35,18.78
"PLB-014xTOM-0002","PLB-014","TOM-0002","CAHYB-2024-L3","CAHYB-2024-L3-B2",2,15,4,82.78,5.9,55.35,76.45,115.78,18.84
"PLB-055xTOM-0002","PLB-055","TOM-0002","CAHYB-2024-L3","CAHYB-2024-L3-B2",2,11,7,99.14,5.58,63.65,65.91,118.25,16.29
"PLB-036xTOM-0002","PLB-036","TOM-0002","CAHYB-2024-L3","CAHYB-2024-L3-B2",2,15,1,85.48,5.62,43.6,64.29,113.13,21.01
"PLB-048xTOM-0002","PLB-048","TOM-0002","CAHYB-2024-L3","CAHYB-2024-L3-B2",2,10,8,100.79,6.21,52.91,67.19,118.17,19.14
"PLB-032xTOM-0002","PLB-032","TOM-0002","CAHYB-2024-L3","CAHYB-2024-L3-B2",2,7,11,92.42,5.89,53.68,80.71,117.61,17.89
"PLB-027xTOM-0002","PLB-027","TOM-0002","CAHYB-2024-L3","CAHYB-2024-L3-B2",2,13,7,84.6,5.92,36.35,68.81,119.89,18.93
"PLA-044xTOM-0003","PLA-044","TOM-0003","CAHYB-2024-L3","CAHYB-2024-L3-B2",2,1,14,96.52,6.31,56.35,69.97,117.08,22.85
"PLA-015xTOM-0003","PLA-015","TOM-0003","CAHYB-2024-L3","CAHYB-2024-L3-B2",2,10,9,114.09,6,61.51,84.82,121.38,21.4
"PLA-014xTOM-0003","PLA-014","TOM-0003","CAHYB-2024-L3","CAHYB-2024-L3-B2",2,2,1,93.66,5.72,59.09,80.13,124.27,18.58
"PLA-048xTOM-0003","PLA-048","TOM-0003","CAHYB-2024-L3","CAHYB-2024-L3-B2",2,14,15,87.59,5.73,73.48,66.87,123.16,20.27
"PLA-043xTOM-0003","PLA-043","TOM-0003","CAHYB-2024-L3","CAHYB-2024-L3-B2",2,9,15,119.2,5.56,61.77,77.65,121.71,22.87
"PLA-053xTOM-0003","PLA-053","TOM-0003","CAHYB-2024-L3","CAHYB-2024-L3-B2",2,4,1,97.33,5.52,53.98,90.52,113.8,21.72
"PLA-041xTOM-0003","PLA-041","TOM-0003","CAHYB-2024-L3","CAHYB-2024-L3-B2",2,13,12,102.84,6.22,63.04,83.87,119.64,22.1
"PLA-024xTOM-0003","PLA-024","TOM-0003","CAHYB-2024-L3","CAHYB-2024-L3-B2",2,11,12,108.61,6.25,66.12,90.34,121.06,23.21
"PLA-009xTOM-0003","PLA-009","TOM-0003","CAHYB-2024-L3","CAHYB-2024-L3-B2",2,1,11,105.18,6.1,58.46,88.86,124.65,21.49
"PLA-038xTOM-0003","PLA-038","TOM-0003","CAHYB-2024-L3","CAHYB-2024-L3-B2",2,7,7,93.24,5.45,68.86,79.19,123.93,24.94
"PLA-042xTOM-0003","PLA-042","TOM-0003","CAHYB-2024-L3","CAHYB-2024-L3-B2",2,4,11,107.26,5.55,59.71,86.35,122.34,23.23
"PLA-013xTOM-0003","PLA-013","TOM-0003","CAHYB-2024-L3","CAHYB-2024-L3-B2",2,12,3,104.65,6.78,54.29,79.7,121.55,21.75
"PLA-055xTOM-0003","PLA-055","TOM-0003","CAHYB-2024-L3","CAHYB-2024-L3-B2",2,11,14,114.79,5.86,54.64,85.09,120.48,17.39
"PLA-058xTOM-0003","PLA-058","TOM-0003","CAHYB-2024-L3","CAHYB-2024-L3-B2",2,9,7,123.74,4.88,54.27,90.77,118.84,22.7
"PLA-057xTOM-0003","PLA-057","TOM-0003","CAHYB-2024-L3","CAHYB-2024-L3-B2",2,7,15,93.23,6.32,65.24,75.94,126.01,17.35
"PLA-008xTOM-0003","PLA-008","TOM-0003","CAHYB-2024-L3","CAHYB-2024-L3-B2",2,7,12,110.73,5.53,59.57,83.88,126.77,22.07
"PLA-012xTOM-0003","PLA-012","TOM-0003","CAHYB-2024-L3","CAHYB-2024-L3-B2",2,6,14,106.16,5.8,62.59,80.72,126.15,18.79
"PLA-004xTOM-0003","PLA-004","TOM-0003","CAHYB-2024-L3","CAHYB-2024-L3-B2",2,13,13,90.07,5.82,55.6,81.86,124.8,13.08
"PLB-006xTOM-0003","PLB-006","TOM-0003","CAHYB-2024-L3","CAHYB-2024-L3-B2",2,2,3,95.02,6.33,62.77,67.44,117.07,21.27
"PLB-026xTOM-0003","PLB-026","TOM-0003","CAHYB-2024-L3","CAHYB-2024-L3-B2",2,2,14,93.08,5.56,59.31,85.45,117.9,19.34
"PLB-025xTOM-0003","PLB-025","TOM-0003","CAHYB-2024-L3","CAHYB-2024-L3-B2",2,11,9,95.97,6.5,60.33,80.9,123.65,20.67
"PLB-045xTOM-0003","PLB-045","TOM-0003","CAHYB-2024-L3","CAHYB-2024-L3-B2",2,12,7,100.04,5.48,58.08,82.5,125.96,21.06
"PLB-030xTOM-0003","PLB-030","TOM-0003","CAHYB-2024-L3","CAHYB-2024-L3-B2",2,12,5,101.34,5.97,68.85,72.66,119.89,17.39
"PLB-052xTOM-0003","PLB-052","TOM-0003","CAHYB-2024-L3","CAHYB-2024-L3-B2",2,8,3,94.21,5.47,55.1,77.02,120.55,20.58
"PLB-047xTOM-0003","PLB-047","TOM-0003","CAHYB-2024-L3","CAHYB-2024-L3-B2",2,8,2,91.31,5.09,53.08,86.28,120.99,18.26
"PLB-029xTOM-0003","PLB-029","TOM-0003","CAHYB-2024-L3","CAHYB-2024-L3-B2",2,1,9,97.82,5.78,51.19,94.71,110.55,19.93
"PLB-053xTOM-0003","PLB-053","TOM-0003","CAHYB-2024-L3","CAHYB-2024-L3-B2",2,6,5,90.01,5.51,56.96,84.02,119.09,21.26
"PLB-033xTOM-0003","PLB-033","TOM-0003","CAHYB-2024-L3","CAHYB-2024-L3-B2",2,2,10,99.27,5.58,51.74,85.57,121.57,17.66
"PLB-022xTOM-0003","PLB-022","TOM-0003","CAHYB-2024-L3","CAHYB-2024-L3-B2",2,11,10,101.35,5.64,66.64,90.79,124.5,21.08
"PLB-008xTOM-0003","PLB-008","TOM-0003","CAHYB-2024-L3","CAHYB-2024-L3-B2",2,12,10,88.76,6.13,57.72,90.45,120.62,19.98
"PLB-014xTOM-0003","PLB-014","TOM-0003","CAHYB-2024-L3","CAHYB-2024-L3-B2",2,14,11,83.84,5.97,57.29,78.13,118.82,20.71
"PLB-055xTOM-0003","PLB-055","TOM-0003","CAHYB-2024-L3","CAHYB-2024-L3-B2",2,15,3,99.66,5.93,58.75,68.87,121.97,16.57
"PLB-036xTOM-0003","PLB-036","TOM-0003","CAHYB-2024-L3","CAHYB-2024-L3-B2",2,3,9,101.92,5.7,51.43,76.2,123.15,20.45
"PLB-048xTOM-0003","PLB-048","TOM-0003","CAHYB-2024-L3","CAHYB-2024-L3-B2",2,14,7,99.48,5.04,60.25,76.04,113.97,17.65
"PLB-032xTOM-0003","PLB-032","TOM-0003","CAHYB-2024-L3","CAHYB-2024-L3-B2",2,12,6,81.12,5.76,55.16,79.26,122.57,17.14
"PLB-027xTOM-0003","PLB-027","TOM-0003","CAHYB-2024-L3","CAHYB-2024-L3-B2",2,14,13,94.49,4.99,52.8,77.68,117.84,19.24
